date,steel,aluminum,transport,energy
2021-01-01,704.97,1946.49,119.42,145.18
2021-01-02,699.17,1996.98,113.84,161.32
2021-01-03,707.57,1967.26,119.14,170.26
2021-01-04,716.87,1970.08,119.45,155.49
2021-01-05,699.85,1984.33,117.46,152.14
2021-01-06,700.4,1975.29,106.96,152.01
2021-01-07,719.08,1990.14,116.97,128.13
2021-01-08,711.51,1977.27,128.79,159.75
2021-01-09,699.69,1959.73,115.61,153.97
2021-01-10,710.36,1979.66,113.9,157.24
2021-01-11,700.84,1949.99,118.82,146.17
2021-01-12,701.37,1975.48,118.67,149.77
2021-01-13,708.99,1973.08,123.05,149.83
2021-01-14,687.98,1970.01,111.5,164.48
2021-01-15,690.41,1972.03,120.73,150.81
2021-01-16,702.59,1937.39,121.24,175.75
2021-01-17,698.63,1964.48,116.74,159.56
2021-01-18,712.44,1977.73,118.27,142.82
2021-01-19,700.77,1979.49,122.29,154.62
2021-01-20,696.27,1956.15,121.23,149.71
2021-01-21,725.59,2002.42,110.36,134.61
2021-01-22,709.22,1960.19,122.06,172.88
2021-01-23,712.7,1997.31,117.17,164.24
2021-01-24,698.32,1986.86,117.76,162.86
2021-01-25,707.67,1965.79,117.56,159.51
2021-01-26,714.77,2014.61,115.66,144.36
2021-01-27,702.69,1955.62,122.8,153.67
2021-01-28,718.5,1998.26,117.07,167.25
2021-01-29,709.28,2000.27,110.93,148.64
2021-01-30,712.91,1967.22,113.8,134.16
2021-01-31,710.35,2008.86,117.79,157.53
2021-02-01,735.43,1976.38,123.07,158.7
2021-02-02,717.31,1987.52,120.06,161.8
2021-02-03,707.41,1987.32,113.07,168.05
2021-02-04,726.75,1979.79,129.69,167.46
2021-02-05,706.85,1999.05,118.38,163.99
2021-02-06,721.69,1999.05,123.88,173.68
2021-02-07,700.54,1948.56,115.37,146.86
2021-02-08,707.39,2009.97,119.79,167.41
2021-02-09,723.18,1950.98,121.36,168.95
2021-02-10,729.13,2005.22,122.31,150.6
2021-02-11,723.99,2007.43,121.35,148.29
2021-02-12,721.65,1963.41,120.78,156.17
2021-02-13,720.33,1977.35,114.87,157.33
2021-02-14,709.09,1963.77,114.27,171.8
2021-02-15,717.21,1981.91,118.09,158.43
2021-02-16,720.33,1980.37,120.95,156.33
2021-02-17,736.04,2002.43,115.28,159.09
2021-02-18,729.44,2013.36,122.56,176.71
2021-02-19,708.9,2015.37,123.92,165.96
2021-02-20,730.3,1976.52,111.96,164.35
2021-02-21,723.73,1983.88,112.37,165.35
2021-02-22,721.34,1954.69,116.53,179.69
2021-02-23,734.75,1972.54,117.73,159.58
2021-02-24,739.47,2008.24,114.58,180.54
2021-02-25,739.0,2021.54,123.39,169.8
2021-02-26,721.81,1964.82,118.54,166.39
2021-02-27,727.64,1977.94,117.93,193.31
2021-02-28,734.56,1989.53,108.75,158.05
2021-03-01,741.52,1995.94,109.68,165.38
2021-03-02,727.5,1974.41,117.2,156.89
2021-03-03,730.95,1999.35,106.2,179.05
2021-03-04,722.26,1981.65,122.27,186.72
2021-03-05,721.88,1991.09,116.38,186.82
2021-03-06,742.48,2002.56,133.14,182.67
2021-03-07,748.43,1992.01,127.73,168.75
2021-03-08,734.66,1983.4,115.18,167.37
2021-03-09,745.93,1990.18,114.87,154.61
2021-03-10,740.02,1990.84,122.21,191.98
2021-03-11,730.46,1985.44,124.94,176.6
2021-03-12,741.04,1987.9,107.73,167.29
2021-03-13,753.31,2025.27,107.87,185.78
2021-03-14,738.08,2004.74,112.52,163.07
2021-03-15,754.59,1987.83,119.2,177.16
2021-03-16,713.25,2007.9,118.46,171.65
2021-03-17,748.17,1987.49,121.7,180.06
2021-03-18,741.32,2017.84,109.98,173.32
2021-03-19,737.96,2001.98,103.68,159.74
2021-03-20,742.37,1992.64,120.28,175.29
2021-03-21,722.07,2003.94,112.31,185.31
2021-03-22,740.25,1963.76,105.79,174.81
2021-03-23,746.51,1972.83,116.98,183.14
2021-03-24,758.21,1971.67,119.29,165.22
2021-03-25,738.75,1998.59,115.19,175.69
2021-03-26,736.33,2030.56,113.18,169.99
2021-03-27,739.89,2040.71,115.33,183.98
2021-03-28,754.55,2009.02,113.89,177.11
2021-03-29,749.17,2006.44,109.3,183.97
2021-03-30,741.07,1960.56,112.64,188.22
2021-03-31,751.99,1985.89,118.59,184.53
2021-04-01,748.31,1981.15,117.36,180.62
2021-04-02,757.51,1984.64,115.92,168.18
2021-04-03,741.28,1993.84,110.57,178.41
2021-04-04,745.51,1987.9,114.35,173.37
2021-04-05,745.34,1957.9,104.43,175.53
2021-04-06,735.1,2012.58,116.16,175.5
2021-04-07,753.17,1976.3,122.08,169.71
2021-04-08,753.29,2002.67,107.05,160.2
2021-04-09,751.21,2039.49,112.1,173.35
2021-04-10,749.28,1979.74,117.07,182.23
2021-04-11,737.94,1947.64,120.89,167.08
2021-04-12,748.35,1992.64,113.03,180.97
2021-04-13,749.6,2020.49,112.72,200.08
2021-04-14,745.47,2037.75,105.87,191.56
2021-04-15,752.34,1974.09,116.51,198.02
2021-04-16,758.45,2008.71,125.54,185.75
2021-04-17,773.73,1989.57,117.07,193.77
2021-04-18,757.07,1996.85,114.6,175.11
2021-04-19,758.36,2051.94,116.32,176.15
2021-04-20,755.49,1969.08,113.58,155.45
2021-04-21,737.5,2004.29,111.49,194.95
2021-04-22,756.88,2008.64,119.82,198.74
2021-04-23,758.19,2021.08,115.75,178.05
2021-04-24,782.67,2001.39,114.82,181.29
2021-04-25,756.56,2005.66,109.57,176.53
2021-04-26,761.94,1991.72,121.5,188.13
2021-04-27,759.02,2004.99,118.64,195.79
2021-04-28,748.12,1992.8,111.08,167.35
2021-04-29,771.67,2012.14,119.9,189.11
2021-04-30,768.2,1992.37,112.02,182.48
2021-05-01,769.03,2007.34,110.76,186.62
2021-05-02,752.46,1999.25,111.01,190.3
2021-05-03,776.01,2022.39,105.59,184.06
2021-05-04,748.39,1998.87,116.81,185.14
2021-05-05,768.71,1964.47,105.2,184.26
2021-05-06,785.17,2025.19,108.77,196.33
2021-05-07,753.78,1981.85,104.22,191.03
2021-05-08,758.44,1986.9,114.03,189.27
2021-05-09,765.52,1988.08,112.92,174.58
2021-05-10,759.91,2027.49,112.45,183.72
2021-05-11,749.85,1957.29,109.47,196.71
2021-05-12,766.46,2062.75,108.35,188.31
2021-05-13,755.56,2021.11,116.81,194.75
2021-05-14,771.33,2004.45,112.25,206.03
2021-05-15,757.81,1998.87,116.18,198.96
2021-05-16,782.91,2005.67,109.66,189.71
2021-05-17,759.98,2010.36,114.65,183.88
2021-05-18,764.99,2012.82,119.2,163.66
2021-05-19,776.75,2011.0,116.76,187.71
2021-05-20,756.7,2001.64,111.65,186.34
2021-05-21,771.68,1995.87,115.31,193.7
2021-05-22,782.87,1996.75,112.51,188.46
2021-05-23,754.12,1995.83,113.63,186.99
2021-05-24,772.43,2022.36,111.19,172.59
2021-05-25,773.57,2011.51,112.38,181.18
2021-05-26,779.17,1940.77,114.92,195.54
2021-05-27,759.37,2012.64,109.47,208.12
2021-05-28,758.91,2003.35,108.41,190.17
2021-05-29,777.71,1999.02,106.72,194.61
2021-05-30,775.84,1991.55,105.93,201.04
2021-05-31,775.75,2021.73,106.92,183.59
2021-06-01,777.08,2018.12,114.35,195.55
2021-06-02,767.19,1983.63,108.49,184.65
2021-06-03,776.68,2007.14,116.28,200.88
2021-06-04,777.65,1979.48,113.49,193.92
2021-06-05,767.94,1971.23,103.5,195.57
2021-06-06,794.1,1986.19,116.03,184.93
2021-06-07,780.54,2015.87,117.51,200.0
2021-06-08,764.25,2017.58,109.13,213.94
2021-06-09,783.08,2008.67,114.61,183.18
2021-06-10,767.12,2012.8,108.51,190.02
2021-06-11,785.08,2008.5,113.53,195.9
2021-06-12,789.15,1985.23,106.95,201.61
2021-06-13,769.7,2006.58,103.58,188.31
2021-06-14,787.88,2013.82,109.45,165.73
2021-06-15,782.72,2012.76,112.8,207.81
2021-06-16,787.15,2021.32,111.08,201.97
2021-06-17,798.23,2011.57,105.85,177.09
2021-06-18,777.14,2004.29,110.29,188.59
2021-06-19,772.39,2018.52,114.68,210.49
2021-06-20,771.36,1996.44,113.0,209.44
2021-06-21,772.42,1979.17,113.83,204.49
2021-06-22,780.13,1993.39,108.97,193.48
2021-06-23,784.63,1981.59,118.26,196.21
2021-06-24,784.31,1982.82,106.36,194.21
2021-06-25,790.13,1993.27,115.26,206.93
2021-06-26,782.3,1980.14,117.68,187.03
2021-06-27,797.02,1989.65,114.16,187.86
2021-06-28,780.14,1957.76,111.6,206.15
2021-06-29,810.3,1999.71,109.4,195.73
2021-06-30,789.66,1995.28,117.88,210.08
2021-07-01,775.13,1978.72,104.51,189.71
2021-07-02,773.29,2008.05,107.03,195.99
2021-07-03,789.12,2013.42,109.41,187.44
2021-07-04,782.35,1962.32,118.0,196.85
2021-07-05,792.02,1979.01,112.92,182.11
2021-07-06,789.9,1978.67,106.63,192.13
2021-07-07,784.73,1975.04,109.39,182.76
2021-07-08,777.27,2010.21,108.88,204.17
2021-07-09,770.87,1989.52,108.36,204.5
2021-07-10,781.83,1987.88,115.53,180.14
2021-07-11,795.14,1952.86,105.26,210.88
2021-07-12,788.99,2005.42,120.69,222.62
2021-07-13,774.66,1967.69,115.51,198.2
2021-07-14,789.11,1993.43,116.43,191.43
2021-07-15,791.5,1997.54,110.34,226.18
2021-07-16,779.07,2018.95,109.78,184.83
2021-07-17,789.71,1965.31,103.98,198.32
2021-07-18,789.01,1930.84,108.55,200.0
2021-07-19,777.25,1994.65,114.17,211.74
2021-07-20,792.51,2026.72,117.63,201.97
2021-07-21,794.79,2015.23,105.13,193.47
2021-07-22,800.26,1994.37,108.56,189.02
2021-07-23,800.21,1980.07,109.88,195.2
2021-07-24,776.14,2005.77,103.27,188.62
2021-07-25,780.77,1969.88,113.68,199.24
2021-07-26,795.54,1998.59,106.74,193.19
2021-07-27,795.76,1998.89,108.87,183.96
2021-07-28,796.0,2009.69,108.9,211.52
2021-07-29,829.61,2043.38,106.28,194.06
2021-07-30,797.01,1995.74,109.75,186.42
2021-07-31,802.88,1977.41,109.2,197.48
2021-08-01,801.29,1986.77,108.48,199.9
2021-08-02,798.48,1951.59,105.74,181.81
2021-08-03,789.02,1972.77,111.96,202.65
2021-08-04,799.98,1978.16,117.88,188.91
2021-08-05,784.87,1975.54,111.64,216.54
2021-08-06,790.43,1988.75,115.27,204.72
2021-08-07,788.15,1968.92,102.82,195.53
2021-08-08,794.02,2007.46,110.33,192.12
2021-08-09,816.55,1984.71,104.31,198.57
2021-08-10,774.92,1984.18,102.72,205.78
2021-08-11,800.65,1977.47,106.03,199.44
2021-08-12,777.85,1986.79,115.53,197.56
2021-08-13,789.44,1999.84,114.4,200.34
2021-08-14,805.23,1965.64,110.47,193.75
2021-08-15,795.17,1969.46,101.67,196.39
2021-08-16,783.92,1976.19,107.42,178.99
2021-08-17,787.72,1954.99,111.38,209.61
2021-08-18,801.84,1965.15,110.35,202.88
2021-08-19,787.91,1971.64,99.66,192.18
2021-08-20,797.55,1998.28,105.7,218.92
2021-08-21,796.0,1985.67,108.86,200.82
2021-08-22,789.19,1983.91,111.24,189.6
2021-08-23,817.3,1996.67,98.47,208.54
2021-08-24,802.36,1976.52,108.35,203.96
2021-08-25,775.92,1986.69,109.81,203.94
2021-08-26,798.18,1976.42,112.87,195.74
2021-08-27,789.85,1983.39,112.47,204.5
2021-08-28,805.13,1966.03,111.5,197.38
2021-08-29,788.82,1928.51,104.93,205.56
2021-08-30,795.74,1974.19,98.1,180.95
2021-08-31,802.07,2004.92,106.35,195.65
2021-09-01,805.81,1994.57,114.34,217.2
2021-09-02,785.28,1994.94,114.99,192.3
2021-09-03,794.06,1999.93,111.59,193.92
2021-09-04,792.78,1976.56,110.2,195.47
2021-09-05,791.11,1978.31,109.51,187.78
2021-09-06,815.42,1961.57,104.27,177.83
2021-09-07,801.93,1967.17,107.32,197.58
2021-09-08,785.38,1985.37,116.44,201.23
2021-09-09,807.27,1996.69,103.22,199.32
2021-09-10,819.42,1969.38,115.9,198.37
2021-09-11,808.63,1962.72,106.25,200.22
2021-09-12,783.21,1971.28,114.91,209.98
2021-09-13,793.66,1982.84,100.58,197.82
2021-09-14,811.26,1941.48,110.28,193.94
2021-09-15,791.6,1923.97,103.75,196.83
2021-09-16,803.21,1958.42,100.72,205.4
2021-09-17,806.6,1944.55,109.24,213.68
2021-09-18,789.66,1958.33,112.11,193.24
2021-09-19,798.42,1965.07,103.14,200.46
2021-09-20,766.68,1958.48,99.92,202.81
2021-09-21,788.92,1996.11,106.23,189.45
2021-09-22,796.7,1973.12,106.69,199.52
2021-09-23,786.82,1972.1,109.06,184.61
2021-09-24,815.68,1978.05,110.85,181.52
2021-09-25,785.12,1942.33,106.81,202.82
2021-09-26,795.08,1985.4,115.94,195.25
2021-09-27,800.84,1962.6,108.01,201.05
2021-09-28,814.0,1977.02,104.98,198.78
2021-09-29,785.27,1941.67,98.11,189.13
2021-09-30,811.31,1931.52,105.25,198.37
2021-10-01,799.82,1978.44,104.22,186.42
2021-10-02,789.94,1969.1,111.95,212.58
2021-10-03,804.42,1943.01,108.02,185.04
2021-10-04,801.82,1943.14,100.32,196.56
2021-10-05,793.86,1982.51,106.59,188.02
2021-10-06,800.59,1935.69,109.82,204.06
2021-10-07,796.06,1991.8,113.58,194.96
2021-10-08,801.07,1940.4,110.22,193.0
2021-10-09,806.57,1970.65,110.2,206.63
2021-10-10,815.83,1950.77,106.22,198.3
2021-10-11,787.6,1968.86,108.03,203.08
2021-10-12,821.32,1945.37,111.52,188.0
2021-10-13,780.47,1952.44,98.33,183.67
2021-10-14,798.48,1955.97,103.93,198.69
2021-10-15,805.88,1934.55,101.54,194.33
2021-10-16,802.81,1968.85,107.7,203.68
2021-10-17,793.76,1943.21,111.53,196.51
2021-10-18,797.9,1948.34,102.47,199.25
2021-10-19,795.04,1932.46,92.52,180.86
2021-10-20,794.06,1900.53,104.09,215.87
2021-10-21,808.44,1947.38,109.62,195.23
2021-10-22,803.49,1998.88,108.1,203.73
2021-10-23,792.97,1965.74,106.72,188.27
2021-10-24,808.87,1949.08,103.68,199.6
2021-10-25,802.91,1943.63,97.81,183.37
2021-10-26,807.94,1948.75,107.59,200.79
2021-10-27,806.07,1958.65,100.36,192.59
2021-10-28,791.44,1923.5,115.58,196.31
2021-10-29,794.09,1968.81,107.77,202.87
2021-10-30,807.12,1960.23,100.98,183.43
2021-10-31,805.7,1959.69,101.03,188.78
2021-11-01,799.34,1953.49,104.12,200.06
2021-11-02,800.67,1944.5,104.13,216.33
2021-11-03,812.22,1956.96,109.73,193.83
2021-11-04,793.46,1954.73,105.37,200.98
2021-11-05,804.79,1935.19,100.35,193.86
2021-11-06,797.23,1930.19,114.42,214.2
2021-11-07,797.01,1943.07,103.29,177.16
2021-11-08,810.1,1971.4,107.74,195.43
2021-11-09,807.29,1915.01,99.92,178.08
2021-11-10,807.1,1909.81,104.26,169.11
2021-11-11,811.94,1941.82,105.33,197.0
2021-11-12,799.01,1938.91,94.18,195.26
2021-11-13,805.53,1940.73,113.42,190.86
2021-11-14,795.52,1941.5,109.81,192.49
2021-11-15,801.77,1931.52,102.9,224.37
2021-11-16,797.13,1965.13,97.62,190.64
2021-11-17,799.31,1902.67,105.18,198.16
2021-11-18,804.19,1917.47,103.22,186.39
2021-11-19,789.95,1931.32,104.97,195.67
2021-11-20,818.95,1899.87,103.8,190.16
2021-11-21,787.86,1928.56,105.22,188.27
2021-11-22,785.66,1964.64,110.96,210.39
2021-11-23,809.27,1931.17,106.17,203.79
2021-11-24,805.48,1934.7,97.49,193.21
2021-11-25,803.69,1904.22,108.25,168.62
2021-11-26,803.61,1916.42,110.54,187.87
2021-11-27,797.07,1920.58,119.56,218.32
2021-11-28,788.09,1921.05,96.64,188.8
2021-11-29,797.69,1952.36,104.06,201.95
2021-11-30,790.02,1937.2,92.53,205.15
2021-12-01,806.41,1903.14,105.02,192.73
2021-12-02,795.04,1929.61,98.91,181.93
2021-12-03,788.11,1933.96,110.39,165.8
2021-12-04,793.01,1946.11,98.39,196.79
2021-12-05,800.2,1954.23,92.99,181.61
2021-12-06,790.28,1901.62,99.5,191.31
2021-12-07,787.54,1905.01,91.19,176.85
2021-12-08,798.04,1895.38,105.24,186.5
2021-12-09,797.89,1915.15,91.23,189.28
2021-12-10,790.2,1928.45,101.74,191.42
2021-12-11,790.4,1938.16,90.44,177.38
2021-12-12,797.26,1916.19,100.31,200.29
2021-12-13,780.28,1910.6,109.15,182.14
2021-12-14,780.51,1919.32,102.12,171.15
2021-12-15,787.22,1898.87,96.71,186.58
2021-12-16,792.09,1956.65,100.87,187.8
2021-12-17,797.15,1881.98,101.1,188.85
2021-12-18,808.61,1917.11,103.89,200.64
2021-12-19,802.24,1953.17,93.82,184.43
2021-12-20,791.87,1912.1,103.6,185.38
2021-12-21,793.08,1907.44,86.55,175.32
2021-12-22,783.05,1903.36,97.8,194.33
2021-12-23,792.69,1906.17,98.12,187.74
2021-12-24,789.78,1936.5,103.34,181.46
2021-12-25,795.69,1864.07,99.47,166.39
2021-12-26,783.98,1938.24,93.93,199.65
2021-12-27,797.23,1878.35,94.62,172.69
2021-12-28,807.15,1900.76,100.78,178.82
2021-12-29,790.51,1896.76,99.79,188.08
2021-12-30,795.4,1916.37,96.43,172.29
2021-12-31,798.06,1871.89,96.7,169.08
2022-01-01,786.92,1912.34,102.19,162.53
2022-01-02,792.94,1942.83,97.46,190.74
2022-01-03,790.59,1874.33,98.9,177.83
2022-01-04,791.21,1904.63,111.85,212.31
2022-01-05,782.27,1886.84,91.84,172.85
2022-01-06,790.0,1907.84,89.66,173.33
2022-01-07,794.49,1898.94,102.94,176.64
2022-01-08,803.78,1884.96,95.95,184.47
2022-01-09,798.61,1906.79,97.32,177.09
2022-01-10,810.3,1932.35,95.47,187.66
2022-01-11,780.84,1891.67,97.2,171.49
2022-01-12,796.98,1909.12,106.21,167.2
2022-01-13,789.83,1868.08,101.94,162.78
2022-01-14,809.64,1874.04,101.95,158.27
2022-01-15,779.39,1901.84,91.33,175.06
2022-01-16,778.81,1921.3,92.69,176.97
2022-01-17,780.94,1897.95,84.01,173.4
2022-01-18,765.43,1883.79,95.01,191.88
2022-01-19,781.13,1889.26,103.76,191.46
2022-01-20,778.52,1863.48,100.7,175.57
2022-01-21,787.34,1899.79,96.2,160.71
2022-01-22,788.97,1904.56,97.73,172.71
2022-01-23,804.03,1877.08,94.3,172.11
2022-01-24,794.48,1875.93,98.66,171.26
2022-01-25,778.92,1889.85,101.37,170.58
2022-01-26,775.41,1875.0,89.4,170.75
2022-01-27,789.02,1881.62,99.03,173.14
2022-01-28,770.6,1924.14,102.0,170.38
2022-01-29,801.82,1876.4,95.6,178.54
2022-01-30,794.99,1873.37,101.18,179.78
2022-01-31,778.2,1866.79,111.03,166.79
2022-02-01,765.45,1893.82,97.45,188.32
2022-02-02,795.81,1874.5,98.73,165.53
2022-02-03,780.82,1864.33,92.68,158.87
2022-02-04,794.03,1902.94,98.19,178.57
2022-02-05,765.39,1904.09,98.91,166.3
2022-02-06,775.02,1862.88,98.07,177.4
2022-02-07,780.74,1836.74,90.56,149.86
2022-02-08,780.83,1893.41,98.51,187.53
2022-02-09,775.54,1858.75,104.35,180.04
2022-02-10,785.93,1887.44,98.12,158.02
2022-02-11,768.7,1831.4,100.61,157.95
2022-02-12,777.62,1887.84,96.12,189.16
2022-02-13,779.91,1844.94,99.77,164.77
2022-02-14,783.51,1882.95,97.29,163.51
2022-02-15,785.14,1867.8,90.34,148.89
2022-02-16,766.43,1847.61,97.56,167.75
2022-02-17,761.99,1857.72,91.0,168.68
2022-02-18,789.76,1878.76,93.18,177.82
2022-02-19,779.96,1866.32,96.16,156.37
2022-02-20,768.79,1875.06,96.56,154.86
2022-02-21,791.44,1902.07,90.03,174.27
2022-02-22,776.72,1830.42,101.45,179.52
2022-02-23,787.0,1893.22,97.67,153.44
2022-02-24,775.52,1862.12,92.53,179.66
2022-02-25,795.09,1841.22,87.77,168.92
2022-02-26,791.67,1831.75,95.18,179.16
2022-02-27,771.25,1853.74,93.01,167.23
2022-02-28,783.09,1875.11,94.5,142.4
2022-03-01,779.45,1853.29,95.73,215.8
2022-03-02,786.31,1885.22,88.07,228.31
2022-03-03,762.6,1825.13,95.14,209.16
2022-03-04,778.73,1853.07,95.76,214.61
2022-03-05,782.07,1827.42,100.52,217.12
2022-03-06,753.51,1858.89,92.46,190.27
2022-03-07,758.88,1868.51,106.58,236.37
2022-03-08,749.93,1841.51,87.3,211.03
2022-03-09,767.24,1796.99,104.08,225.49
2022-03-10,776.72,1852.2,96.06,219.95
2022-03-11,784.17,1856.11,102.11,233.78
2022-03-12,769.49,1854.6,97.74,225.65
2022-03-13,784.64,1870.38,102.67,219.63
2022-03-14,754.15,1823.39,94.66,213.43
2022-03-15,750.51,1857.56,91.91,230.72
2022-03-16,766.59,1866.95,103.13,204.39
2022-03-17,770.57,1806.67,96.67,229.97
2022-03-18,766.0,1847.78,97.43,212.9
2022-03-19,745.24,1830.45,103.63,236.8
2022-03-20,764.61,1838.04,91.71,226.27
2022-03-21,752.04,1845.76,100.04,231.48
2022-03-22,771.37,1828.21,93.79,226.23
2022-03-23,767.92,1823.57,95.12,208.27
2022-03-24,754.43,1836.91,96.54,217.57
2022-03-25,758.27,1813.62,89.4,233.28
2022-03-26,752.39,1812.78,92.72,228.6
2022-03-27,761.93,1847.22,103.83,239.12
2022-03-28,771.68,1809.8,101.07,231.72
2022-03-29,751.84,1845.23,95.6,218.4
2022-03-30,766.3,1840.29,97.17,220.48
2022-03-31,755.53,1795.66,94.89,229.84
2022-04-01,752.47,1815.76,101.89,206.05
2022-04-02,758.89,1852.32,96.06,246.3
2022-04-03,749.17,1807.95,97.56,234.36
2022-04-04,753.54,1817.42,102.48,242.59
2022-04-05,746.65,1835.08,91.42,214.89
2022-04-06,777.84,1840.63,104.47,243.51
2022-04-07,758.09,1819.06,89.48,253.76
2022-04-08,750.3,1811.27,103.46,218.61
2022-04-09,758.98,1850.8,94.45,239.9
2022-04-10,755.27,1856.26,94.67,232.57
2022-04-11,753.73,1840.19,85.62,217.49
2022-04-12,761.63,1821.44,93.77,238.24
2022-04-13,762.6,1802.7,90.98,242.02
2022-04-14,749.26,1801.38,92.38,228.04
2022-04-15,748.35,1827.57,95.57,246.09
2022-04-16,750.9,1824.61,99.59,218.13
2022-04-17,730.16,1843.4,95.88,220.23
2022-04-18,737.57,1827.51,97.16,236.91
2022-04-19,765.92,1783.56,90.04,236.17
2022-04-20,768.23,1833.79,90.7,229.12
2022-04-21,748.82,1791.91,104.82,244.76
2022-04-22,756.61,1803.32,91.97,242.34
2022-04-23,753.48,1815.13,104.05,245.99
2022-04-24,780.69,1849.16,94.02,236.55
2022-04-25,760.62,1870.57,95.57,244.18
2022-04-26,747.67,1819.63,100.35,234.07
2022-04-27,738.91,1802.95,102.56,259.43
2022-04-28,731.92,1816.43,94.18,231.14
2022-04-29,749.54,1822.62,94.21,260.69
2022-04-30,739.46,1797.58,94.79,240.36
2022-05-01,732.31,1839.02,96.02,226.63
2022-05-02,739.59,1806.84,100.11,254.44
2022-05-03,734.75,1811.31,95.02,242.39
2022-05-04,761.95,1813.8,98.41,250.01
2022-05-05,753.4,1808.04,103.66,254.12
2022-05-06,744.02,1815.51,96.89,245.63
2022-05-07,758.4,1785.51,96.04,236.7
2022-05-08,743.88,1785.81,87.63,252.75
2022-05-09,734.0,1774.1,81.54,243.38
2022-05-10,757.35,1804.01,96.94,250.6
2022-05-11,747.01,1809.93,93.06,222.58
2022-05-12,730.75,1802.63,92.22,248.96
2022-05-13,738.72,1826.08,95.43,238.48
2022-05-14,731.36,1791.61,95.02,261.78
2022-05-15,725.79,1804.22,100.41,251.85
2022-05-16,748.38,1768.13,94.97,248.39
2022-05-17,757.7,1781.35,90.89,251.23
2022-05-18,724.12,1802.13,98.79,236.76
2022-05-19,743.23,1804.32,94.03,263.35
2022-05-20,730.58,1780.59,97.89,267.41
2022-05-21,731.71,1784.16,92.04,251.8
2022-05-22,730.14,1754.36,91.73,264.16
2022-05-23,726.92,1776.7,94.29,242.94
2022-05-24,735.53,1800.78,93.78,241.04
2022-05-25,726.22,1793.6,96.49,249.8
2022-05-26,736.72,1791.24,92.91,254.12
2022-05-27,733.0,1781.35,84.62,246.21
2022-05-28,730.59,1779.62,92.07,255.91
2022-05-29,723.39,1765.4,98.05,253.97
2022-05-30,726.18,1791.71,91.9,241.31
2022-05-31,738.98,1785.28,92.88,256.86
2022-06-01,735.91,1785.83,99.18,260.69
2022-06-02,720.61,1764.6,90.3,254.15
2022-06-03,730.85,1731.19,86.6,264.35
2022-06-04,736.85,1795.33,92.29,241.03
2022-06-05,712.12,1762.94,91.48,258.27
2022-06-06,733.72,1754.39,88.22,242.27
2022-06-07,721.14,1784.65,92.16,243.22
2022-06-08,732.94,1762.07,95.7,248.44
2022-06-09,719.08,1790.24,93.01,245.71
2022-06-10,708.13,1780.52,94.75,250.04
2022-06-11,709.37,1780.99,102.41,253.77
2022-06-12,725.6,1739.13,92.12,264.67
2022-06-13,727.19,1789.83,94.61,253.47
2022-06-14,715.01,1769.95,90.01,241.22
2022-06-15,729.91,1756.48,89.65,268.87
2022-06-16,706.38,1765.87,89.94,249.49
2022-06-17,721.8,1726.61,90.82,257.66
2022-06-18,709.81,1769.45,95.23,263.11
2022-06-19,714.87,1739.83,105.02,261.03
2022-06-20,721.33,1732.5,90.11,270.38
2022-06-21,711.71,1728.25,91.26,264.62
2022-06-22,715.94,1780.1,92.33,251.61
2022-06-23,729.31,1744.4,96.11,282.41
2022-06-24,712.94,1786.8,94.42,262.96
2022-06-25,726.52,1744.56,99.32,259.95
2022-06-26,706.33,1720.27,81.29,271.46
2022-06-27,722.39,1731.24,81.1,264.71
2022-06-28,730.96,1777.43,90.6,266.61
2022-06-29,691.29,1748.75,99.58,287.95
2022-06-30,707.5,1740.05,84.85,260.68
2022-07-01,720.7,1753.36,77.58,260.65
2022-07-02,712.35,1759.35,95.66,265.4
2022-07-03,717.55,1770.82,94.47,275.36
2022-07-04,707.26,1776.59,86.48,249.98
2022-07-05,713.62,1739.58,86.74,245.8
2022-07-06,710.65,1719.41,87.48,260.0
2022-07-07,723.34,1736.82,92.33,249.94
2022-07-08,713.67,1749.45,89.22,262.44
2022-07-09,713.95,1724.13,95.25,272.12
2022-07-10,705.91,1723.42,77.78,258.61
2022-07-11,704.61,1748.6,87.47,253.66
2022-07-12,704.62,1739.91,86.84,269.04
2022-07-13,712.34,1740.71,91.56,277.38
2022-07-14,703.64,1724.04,88.84,252.23
2022-07-15,710.2,1733.77,96.75,277.8
2022-07-16,727.51,1719.06,83.43,278.19
2022-07-17,714.92,1754.52,93.0,279.98
2022-07-18,702.4,1756.59,95.66,283.04
2022-07-19,717.13,1698.13,102.62,293.3
2022-07-20,700.49,1715.63,89.62,268.14
2022-07-21,683.64,1703.47,93.85,273.23
2022-07-22,693.39,1719.57,82.92,268.39
2022-07-23,684.22,1730.08,80.16,273.0
2022-07-24,698.86,1701.93,97.08,288.74
2022-07-25,702.01,1711.66,91.37,260.39
2022-07-26,718.05,1709.2,97.5,265.66
2022-07-27,704.0,1732.61,85.83,288.48
2022-07-28,698.0,1729.03,95.09,285.34
2022-07-29,707.93,1712.39,101.12,271.94
2022-07-30,676.98,1729.55,94.46,284.56
2022-07-31,700.9,1714.26,93.46,279.86
2022-08-01,705.7,1718.95,92.67,291.89
2022-08-02,682.66,1757.04,84.04,278.07
2022-08-03,708.34,1749.57,99.12,288.03
2022-08-04,699.74,1695.96,90.07,304.63
2022-08-05,691.65,1737.74,94.6,284.64
2022-08-06,701.58,1736.57,83.96,279.6
2022-08-07,717.42,1696.58,86.19,286.78
2022-08-08,695.98,1735.11,98.7,276.35
2022-08-09,696.1,1748.7,91.14,304.33
2022-08-10,688.48,1694.69,99.01,282.7
2022-08-11,684.02,1697.99,91.1,278.62
2022-08-12,700.28,1735.9,81.98,273.45
2022-08-13,682.87,1720.18,96.59,293.24
2022-08-14,691.6,1724.99,89.05,291.39
2022-08-15,685.56,1719.98,94.78,278.2
2022-08-16,694.58,1720.2,91.93,289.4
2022-08-17,692.59,1685.06,83.02,269.01
2022-08-18,699.08,1731.75,92.39,286.41
2022-08-19,683.06,1733.42,102.66,289.55
2022-08-20,684.92,1704.65,94.75,302.57
2022-08-21,677.28,1707.59,90.73,278.25
2022-08-22,682.09,1677.06,96.12,273.65
2022-08-23,689.76,1717.19,91.97,277.94
2022-08-24,693.01,1717.57,91.72,274.01
2022-08-25,675.68,1704.11,86.53,301.21
2022-08-26,693.06,1727.07,93.25,303.81
2022-08-27,697.38,1697.14,96.62,292.0
2022-08-28,687.41,1714.34,87.69,301.49
2022-08-29,701.51,1681.89,98.43,291.09
2022-08-30,674.46,1701.05,90.72,289.28
2022-08-31,669.21,1697.27,86.6,287.39
2022-09-01,663.34,1704.5,96.02,288.1
2022-09-02,695.55,1691.85,88.96,276.21
2022-09-03,686.59,1695.85,95.08,294.82
2022-09-04,678.96,1714.25,89.65,292.26
2022-09-05,681.77,1688.24,91.19,300.61
2022-09-06,667.18,1664.09,93.61,294.59
2022-09-07,702.36,1730.47,92.45,292.52
2022-09-08,678.66,1722.36,80.65,285.93
2022-09-09,677.93,1668.14,85.47,295.86
2022-09-10,683.56,1707.04,96.04,303.02
2022-09-11,680.58,1682.44,89.78,284.71
2022-09-12,677.48,1697.04,88.42,297.52
2022-09-13,666.81,1696.91,84.3,299.48
2022-09-14,678.9,1685.61,85.2,290.48
2022-09-15,692.47,1673.89,80.54,292.29
2022-09-16,686.58,1675.02,90.54,300.98
2022-09-17,688.53,1669.78,87.36,287.85
2022-09-18,666.96,1670.74,86.24,303.2
2022-09-19,661.65,1685.31,90.1,291.26
2022-09-20,669.76,1671.62,93.23,311.36
2022-09-21,671.05,1698.86,102.5,324.63
2022-09-22,680.91,1714.24,82.86,293.17
2022-09-23,652.53,1672.18,96.9,307.64
2022-09-24,684.22,1687.86,95.32,295.55
2022-09-25,666.83,1692.36,87.43,313.76
2022-09-26,663.62,1691.09,91.18,291.22
2022-09-27,657.25,1682.47,88.74,309.21
2022-09-28,650.3,1695.1,91.26,296.21
2022-09-29,674.57,1689.19,98.2,303.4
2022-09-30,666.55,1654.09,93.26,295.69
2022-10-01,652.41,1695.53,93.69,314.77
2022-10-02,651.84,1695.2,78.12,98.01
2022-10-03,660.92,1661.5,73.5,111.74
2022-10-04,680.46,1676.83,79.39,102.62
2022-10-05,660.66,1689.05,86.53,104.76
2022-10-06,647.72,1670.52,72.95,107.23
2022-10-07,659.79,1695.48,74.81,97.98
2022-10-08,659.01,1720.62,81.16,107.55
2022-10-09,634.26,1656.94,76.22,120.61
2022-10-10,660.18,1644.37,75.98,97.38
2022-10-11,657.91,1677.39,78.76,116.73
2022-10-12,666.68,1685.08,74.17,119.85
2022-10-13,677.71,1665.36,74.93,96.57
2022-10-14,669.99,1698.38,82.95,90.04
2022-10-15,655.53,1641.88,73.73,107.47
2022-10-16,646.66,1681.85,71.81,98.84
2022-10-17,682.96,1655.22,77.82,122.87
2022-10-18,657.33,1701.07,83.67,104.4
2022-10-19,656.38,1705.88,78.57,95.9
2022-10-20,655.51,1650.04,77.02,92.33
2022-10-21,657.24,1653.74,80.64,114.57
2022-10-22,653.32,1681.28,70.82,97.84
2022-10-23,648.54,1655.7,82.29,103.87
2022-10-24,648.32,1661.9,82.15,112.87
2022-10-25,652.98,1662.68,77.42,98.35
2022-10-26,647.39,1623.14,84.68,102.62
2022-10-27,645.21,1660.63,73.99,102.8
2022-10-28,652.93,1646.48,85.58,109.69
2022-10-29,648.83,1649.79,80.62,108.66
2022-10-30,665.94,1687.9,77.73,100.44
2022-10-31,623.92,1633.27,79.41,103.18
2022-11-01,660.87,1674.05,78.72,98.72
2022-11-02,661.94,1651.59,84.77,87.56
2022-11-03,628.27,1650.96,74.11,104.81
2022-11-04,645.11,1671.76,76.47,121.06
2022-11-05,644.35,1662.14,84.04,93.21
2022-11-06,633.52,1666.15,75.9,94.23
2022-11-07,639.35,1673.5,83.29,93.16
2022-11-08,635.56,1646.91,88.05,109.02
2022-11-09,663.73,1640.7,77.37,106.18
2022-11-10,655.1,1630.65,82.45,100.02
2022-11-11,658.0,1635.25,72.86,92.35
2022-11-12,652.04,1710.16,82.87,102.37
2022-11-13,633.08,1675.48,79.23,85.72
2022-11-14,638.67,1622.99,81.42,102.73
2022-11-15,648.36,1622.98,76.16,109.94
2022-11-16,630.79,1658.49,69.98,88.64
2022-11-17,649.69,1659.23,80.63,85.76
2022-11-18,639.71,1658.69,69.32,116.81
2022-11-19,637.92,1642.05,76.93,94.83
2022-11-20,648.33,1644.07,84.06,112.25
2022-11-21,645.23,1652.58,79.64,99.29
2022-11-22,636.73,1647.18,88.38,99.15
2022-11-23,651.5,1600.52,84.04,105.1
2022-11-24,628.66,1639.76,74.95,91.82
2022-11-25,645.19,1626.78,78.83,101.93
2022-11-26,644.53,1646.76,78.17,96.74
2022-11-27,635.07,1702.42,70.0,87.3
2022-11-28,641.0,1649.53,74.01,103.84
2022-11-29,624.8,1635.37,75.58,97.78
2022-11-30,646.12,1659.54,68.22,98.81
2022-12-01,634.61,1650.23,78.09,88.24
2022-12-02,630.81,1648.45,77.98,116.21
2022-12-03,646.11,1651.66,70.47,109.03
2022-12-04,628.15,1680.13,80.88,109.87
2022-12-05,620.7,1615.86,81.77,97.15
2022-12-06,618.8,1647.44,78.59,82.88
2022-12-07,640.01,1618.93,77.65,119.68
2022-12-08,620.74,1648.06,81.19,99.51
2022-12-09,650.68,1618.07,81.27,92.61
2022-12-10,611.91,1627.59,79.96,104.25
2022-12-11,649.29,1629.53,74.65,111.73
2022-12-12,634.03,1654.46,79.53,99.82
2022-12-13,630.56,1652.82,84.75,112.82
2022-12-14,625.67,1609.04,75.67,110.85
2022-12-15,634.72,1634.57,88.04,89.25
2022-12-16,629.96,1618.79,75.1,93.27
2022-12-17,640.97,1607.33,78.68,109.58
2022-12-18,630.69,1627.69,73.3,80.0
2022-12-19,630.67,1625.38,79.04,98.51
2022-12-20,625.14,1679.62,68.55,85.69
2022-12-21,627.83,1639.27,74.98,95.24
2022-12-22,631.09,1602.6,72.32,97.02
2022-12-23,610.53,1618.39,78.4,96.44
2022-12-24,613.77,1649.66,82.58,94.51
2022-12-25,634.31,1670.54,80.55,89.07
2022-12-26,628.22,1596.6,67.13,122.98
2022-12-27,624.3,1590.28,88.97,118.75
2022-12-28,625.95,1664.85,78.7,88.47
2022-12-29,628.88,1634.78,74.69,115.94
2022-12-30,619.64,1609.19,78.35,96.14
2022-12-31,616.9,1636.81,78.69,101.46
2023-01-01,626.28,1572.97,74.36,99.56
2023-01-02,614.18,1625.32,78.37,93.62
2023-01-03,627.69,1631.39,75.14,110.09
2023-01-04,606.23,1642.9,75.71,101.55
2023-01-05,633.2,1603.71,73.98,95.56
2023-01-06,627.28,1625.29,69.82,87.32
2023-01-07,624.77,1604.66,77.9,91.47
2023-01-08,631.7,1627.87,79.71,84.03
2023-01-09,638.18,1604.45,80.16,100.61
2023-01-10,631.33,1613.79,81.07,88.57
2023-01-11,602.44,1601.64,79.04,97.93
2023-01-12,607.72,1634.18,75.56,114.34
2023-01-13,613.94,1637.94,82.32,112.68
2023-01-14,620.12,1615.69,70.7,100.42
2023-01-15,624.71,1620.76,72.95,99.93
2023-01-16,611.95,1590.65,73.6,119.66
2023-01-17,620.75,1613.25,83.13,106.13
2023-01-18,611.01,1617.86,82.0,97.71
2023-01-19,612.14,1670.91,79.16,86.8
2023-01-20,603.87,1595.89,82.98,105.06
2023-01-21,608.39,1647.05,73.43,109.49
2023-01-22,603.8,1637.35,78.83,94.95
2023-01-23,607.25,1622.67,76.91,104.25
2023-01-24,627.24,1651.87,81.43,97.78
2023-01-25,606.91,1623.79,76.7,99.66
2023-01-26,642.43,1623.79,74.18,80.0
2023-01-27,620.74,1614.6,79.94,99.44
2023-01-28,617.36,1639.8,82.2,111.44
2023-01-29,606.64,1636.92,73.66,95.52
2023-01-30,621.93,1602.15,77.03,102.45
2023-01-31,608.89,1587.95,71.63,94.46
2023-02-01,615.58,1609.95,64.98,105.71
2023-02-02,639.68,1597.69,78.18,100.04
2023-02-03,612.84,1612.1,79.85,92.91
2023-02-04,625.01,1637.81,79.24,115.73
2023-02-05,606.22,1603.6,67.98,111.79
2023-02-06,612.63,1611.59,75.2,96.56
2023-02-07,630.42,1613.3,66.4,107.69
2023-02-08,606.17,1628.81,84.36,108.19
2023-02-09,630.3,1566.61,72.12,109.35
2023-02-10,619.0,1599.12,82.66,86.1
2023-02-11,606.04,1615.19,82.45,113.22
2023-02-12,617.73,1634.68,72.43,97.58
2023-02-13,620.88,1600.56,71.37,99.81
2023-02-14,617.12,1572.59,80.27,129.89
2023-02-15,594.95,1622.24,73.13,106.65
2023-02-16,603.14,1596.87,77.51,99.89
2023-02-17,607.69,1585.52,73.67,81.83
2023-02-18,609.18,1596.56,68.98,117.91
2023-02-19,615.9,1605.1,65.36,90.69
2023-02-20,611.23,1596.44,77.81,94.24
2023-02-21,595.87,1564.17,74.2,101.09
2023-02-22,612.8,1625.98,75.12,118.71
2023-02-23,614.88,1633.29,81.04,112.41
2023-02-24,614.15,1620.58,82.96,103.24
2023-02-25,619.14,1584.56,75.96,108.04
2023-02-26,616.45,1603.05,75.16,99.1
2023-02-27,612.49,1606.72,79.74,106.65
2023-02-28,606.98,1618.6,70.42,106.13
2023-03-01,590.87,1619.77,78.76,115.24
2023-03-02,611.56,1591.5,80.41,115.37
2023-03-03,609.14,1607.61,80.81,110.79
2023-03-04,609.58,1614.91,67.3,102.38
2023-03-05,593.9,1634.67,73.73,113.58
2023-03-06,595.66,1619.44,72.73,105.4
2023-03-07,616.81,1620.93,77.13,95.67
2023-03-08,605.69,1606.63,79.37,102.62
2023-03-09,612.72,1632.97,84.7,107.66
2023-03-10,606.0,1612.77,75.16,116.08
2023-03-11,605.83,1587.17,74.6,105.31
2023-03-12,614.74,1632.28,82.32,95.23
2023-03-13,600.02,1617.99,78.7,108.06
2023-03-14,605.97,1595.0,83.58,108.8
2023-03-15,600.22,1594.1,78.73,109.7
2023-03-16,600.33,1609.46,71.87,117.22
2023-03-17,601.42,1612.63,71.04,118.39
2023-03-18,606.57,1607.15,69.15,102.44
2023-03-19,599.4,1609.28,80.21,102.4
2023-03-20,616.59,1636.9,82.64,98.35
2023-03-21,594.93,1624.18,86.82,115.92
2023-03-22,601.86,1606.42,82.17,123.61
2023-03-23,599.19,1621.3,82.89,106.16
2023-03-24,617.91,1581.68,74.22,107.09
2023-03-25,605.26,1610.16,72.2,124.37
2023-03-26,613.48,1638.26,81.76,114.95
2023-03-27,588.17,1597.59,79.57,114.45
2023-03-28,605.56,1584.88,77.21,98.38
2023-03-29,611.66,1588.67,79.55,117.28
2023-03-30,603.46,1579.81,78.44,101.4
2023-03-31,613.17,1585.8,83.15,99.56
2023-04-01,597.22,1593.98,83.61,107.63
2023-04-02,616.37,1573.18,79.74,105.45
2023-04-03,625.15,1601.5,81.44,109.3
2023-04-04,598.42,1619.14,79.18,97.32
2023-04-05,597.49,1582.85,75.52,121.53
2023-04-06,616.37,1631.31,81.7,123.43
2023-04-07,617.53,1611.05,69.42,92.9
2023-04-08,596.4,1621.37,83.14,122.37
2023-04-09,597.33,1587.53,71.01,104.7
2023-04-10,598.62,1617.71,79.26,121.6
2023-04-11,587.9,1578.71,73.15,112.57
2023-04-12,592.07,1618.29,80.21,113.76
2023-04-13,591.13,1603.86,77.18,111.85
2023-04-14,593.42,1611.44,70.08,126.05
2023-04-15,600.67,1576.81,78.95,101.76
2023-04-16,603.28,1582.37,74.89,120.46
2023-04-17,616.37,1612.17,82.45,125.63
2023-04-18,590.81,1581.22,77.87,122.01
2023-04-19,610.57,1609.42,80.66,138.33
2023-04-20,598.52,1572.78,72.48,110.03
2023-04-21,600.11,1617.05,75.08,125.13
2023-04-22,607.29,1575.42,75.22,114.74
2023-04-23,589.26,1611.09,82.48,128.37
2023-04-24,604.26,1612.54,85.98,116.2
2023-04-25,602.05,1586.08,73.39,112.64
2023-04-26,605.26,1611.65,83.67,129.83
2023-04-27,603.19,1605.21,66.55,112.1
2023-04-28,624.81,1589.22,70.99,103.13
2023-04-29,593.84,1579.83,72.63,112.34
2023-04-30,594.87,1560.76,71.24,123.95
2023-05-01,593.92,1607.01,70.49,131.93
2023-05-02,594.57,1568.74,79.85,119.38
2023-05-03,593.72,1601.96,77.34,131.7
2023-05-04,611.96,1594.8,78.99,105.2
2023-05-05,614.26,1613.68,81.02,114.6
2023-05-06,594.33,1594.09,78.99,116.41
2023-05-07,591.7,1593.57,81.06,118.41
2023-05-08,604.73,1614.83,77.54,120.66
2023-05-09,594.48,1606.94,72.28,126.99
2023-05-10,606.33,1606.6,82.96,115.89
2023-05-11,602.03,1609.72,75.03,122.0
2023-05-12,584.84,1569.67,73.23,120.42
2023-05-13,615.48,1615.57,76.6,111.88
2023-05-14,617.97,1612.75,73.35,120.27
2023-05-15,593.9,1580.23,75.84,120.25
2023-05-16,596.16,1595.75,79.65,120.3
2023-05-17,602.91,1599.92,79.8,122.54
2023-05-18,603.42,1598.09,73.61,123.26
2023-05-19,606.68,1607.53,75.43,118.45
2023-05-20,620.22,1629.57,84.12,135.78
2023-05-21,598.38,1622.66,80.03,111.63
2023-05-22,592.2,1574.87,88.17,116.4
2023-05-23,586.42,1613.65,85.47,151.69
2023-05-24,592.94,1627.89,83.41,113.79
2023-05-25,599.96,1609.15,70.61,110.91
2023-05-26,618.28,1623.34,82.44,132.08
2023-05-27,595.21,1641.87,76.97,104.25
2023-05-28,602.67,1622.21,75.43,122.95
2023-05-29,600.32,1606.84,80.24,147.05
2023-05-30,612.42,1622.88,82.31,110.43
2023-05-31,625.87,1605.0,79.89,106.35
2023-06-01,595.35,1602.71,73.27,111.46
2023-06-02,595.83,1595.34,82.6,135.73
2023-06-03,611.23,1633.77,75.84,138.28
2023-06-04,607.68,1586.27,79.32,122.2
2023-06-05,619.4,1633.43,77.34,134.46
2023-06-06,606.85,1612.93,78.14,141.82
2023-06-07,597.5,1575.1,83.3,146.09
2023-06-08,607.08,1610.59,73.28,126.05
2023-06-09,612.35,1561.4,87.2,105.79
2023-06-10,609.55,1616.07,69.14,120.9
2023-06-11,606.51,1621.43,75.48,125.14
2023-06-12,612.2,1592.05,80.44,127.11
2023-06-13,613.32,1606.54,81.57,128.13
2023-06-14,615.55,1643.33,78.83,141.5
2023-06-15,608.32,1594.32,79.15,143.35
2023-06-16,600.27,1583.44,80.8,129.2
2023-06-17,603.51,1634.44,78.26,142.2
2023-06-18,614.22,1644.25,86.04,135.1
2023-06-19,594.1,1605.27,83.16,132.47
2023-06-20,606.08,1625.63,83.78,141.2
2023-06-21,598.58,1632.43,74.2,133.16
2023-06-22,602.92,1590.96,79.65,153.33
2023-06-23,615.55,1596.31,76.83,118.68
2023-06-24,604.8,1630.85,73.8,128.22
2023-06-25,603.49,1640.15,80.86,132.41
2023-06-26,589.56,1617.93,76.68,138.39
2023-06-27,610.76,1589.31,83.1,146.98
2023-06-28,609.89,1646.87,73.85,134.37
2023-06-29,625.21,1596.75,87.14,120.71
2023-06-30,600.65,1600.9,75.22,143.67
2023-07-01,606.07,1614.69,80.79,143.11
2023-07-02,606.52,1639.17,82.34,116.45
2023-07-03,619.96,1625.42,76.53,136.15
2023-07-04,603.39,1616.89,82.89,120.6
2023-07-05,607.3,1618.11,72.98,130.17
2023-07-06,610.75,1609.98,86.3,128.11
2023-07-07,606.7,1620.53,80.0,145.55
2023-07-08,600.54,1559.05,76.64,138.94
2023-07-09,607.12,1603.98,77.46,125.24
2023-07-10,616.09,1615.01,84.12,147.21
2023-07-11,595.27,1587.44,76.03,124.39
2023-07-12,607.04,1618.47,76.13,142.35
2023-07-13,598.9,1606.94,78.23,131.23
2023-07-14,618.03,1646.43,73.71,136.04
2023-07-15,591.04,1643.07,89.17,145.06
2023-07-16,600.88,1602.59,77.28,145.55
2023-07-17,610.43,1609.19,84.72,154.03
2023-07-18,622.51,1611.03,80.94,140.16
2023-07-19,606.4,1603.78,75.2,144.37
2023-07-20,601.71,1617.03,79.76,137.26
2023-07-21,626.28,1598.28,84.06,143.78
2023-07-22,593.2,1591.15,79.36,146.68
2023-07-23,585.9,1626.53,86.04,141.62
2023-07-24,612.51,1627.0,84.37,124.9
2023-07-25,603.3,1598.65,84.96,146.57
2023-07-26,598.33,1632.97,78.13,147.23
2023-07-27,615.85,1602.77,74.54,137.11
2023-07-28,611.43,1620.8,76.61,131.39
2023-07-29,603.58,1632.49,82.08,159.32
2023-07-30,596.65,1615.76,83.38,149.81
2023-07-31,618.41,1625.87,69.47,142.93
2023-08-01,616.42,1606.8,79.88,134.17
2023-08-02,609.17,1613.56,80.91,137.65
2023-08-03,628.87,1613.73,79.83,159.23
2023-08-04,599.95,1603.28,87.13,147.91
2023-08-05,595.64,1615.05,82.48,141.35
2023-08-06,604.23,1587.98,87.5,152.28
2023-08-07,610.94,1609.5,79.25,139.37
2023-08-08,614.09,1614.01,86.22,162.85
2023-08-09,609.5,1614.96,89.67,161.7
2023-08-10,615.69,1615.64,87.19,143.83
2023-08-11,599.92,1619.62,75.13,142.54
2023-08-12,627.14,1630.84,78.37,122.97
2023-08-13,612.15,1639.13,78.53,134.67
2023-08-14,624.42,1609.05,82.81,136.42
2023-08-15,616.94,1598.38,84.58,151.49
2023-08-16,618.36,1602.01,76.77,147.21
2023-08-17,619.77,1613.51,80.83,137.35
2023-08-18,618.83,1616.63,70.97,148.32
2023-08-19,621.06,1608.69,88.72,156.51
2023-08-20,628.22,1598.58,79.0,157.06
2023-08-21,617.18,1615.8,80.68,133.12
2023-08-22,622.59,1628.98,79.78,151.16
2023-08-23,614.9,1637.68,86.48,138.94
2023-08-24,630.5,1615.06,67.75,162.12
2023-08-25,609.63,1618.39,81.84,161.27
2023-08-26,634.71,1608.55,80.6,144.77
2023-08-27,616.6,1626.9,78.97,146.42
2023-08-28,603.0,1611.01,90.07,149.8
2023-08-29,618.9,1639.89,76.15,132.21
2023-08-30,611.12,1593.16,85.79,158.42
2023-08-31,626.65,1622.14,83.45,152.66
2023-09-01,612.03,1635.81,88.65,165.42
2023-09-02,614.42,1633.93,78.02,145.06
2023-09-03,600.31,1684.58,77.97,150.18
2023-09-04,615.0,1638.18,86.72,141.63
2023-09-05,595.61,1611.58,83.67,146.98
2023-09-06,604.34,1630.22,73.78,145.53
2023-09-07,628.12,1597.09,79.94,167.63
2023-09-08,628.7,1631.48,83.77,151.02
2023-09-09,625.44,1616.92,86.49,159.56
2023-09-10,611.85,1652.37,78.7,154.84
2023-09-11,621.38,1623.56,67.13,146.28
2023-09-12,622.17,1632.71,84.91,157.61
2023-09-13,610.97,1622.84,76.63,165.61
2023-09-14,637.93,1670.82,71.79,147.86
2023-09-15,632.02,1630.13,68.77,168.35
2023-09-16,621.39,1673.71,86.22,152.08
2023-09-17,624.22,1653.85,83.03,156.07
2023-09-18,626.4,1647.72,81.82,166.53
2023-09-19,604.25,1645.97,89.34,154.91
2023-09-20,622.56,1646.99,85.98,162.24
2023-09-21,618.58,1601.09,90.75,159.04
2023-09-22,615.75,1634.59,75.98,163.79
2023-09-23,623.32,1657.6,81.57,139.01
2023-09-24,644.48,1640.25,73.98,144.84
2023-09-25,633.28,1613.66,82.19,169.61
2023-09-26,621.54,1641.25,82.36,174.14
2023-09-27,633.35,1676.92,85.81,154.98
2023-09-28,642.0,1668.32,83.29,161.96
2023-09-29,637.63,1642.69,86.5,167.66
2023-09-30,629.37,1663.51,87.15,171.96
2023-10-01,622.69,1637.7,93.1,145.07
2023-10-02,636.53,1611.51,81.37,156.79
2023-10-03,633.87,1627.66,78.57,162.64
2023-10-04,639.28,1677.96,85.08,173.31
2023-10-05,637.07,1641.79,80.79,191.57
2023-10-06,641.61,1642.97,90.9,164.62
2023-10-07,626.16,1642.41,81.54,153.14
2023-10-08,645.09,1687.07,81.08,171.54
2023-10-09,634.29,1682.08,82.07,181.03
2023-10-10,653.47,1694.51,87.46,169.21
2023-10-11,626.24,1647.54,82.63,159.37
2023-10-12,650.89,1657.22,81.19,178.32
2023-10-13,635.92,1621.56,92.63,175.68
2023-10-14,627.84,1682.02,79.24,159.09
2023-10-15,629.93,1629.72,84.45,173.47
2023-10-16,631.99,1658.01,87.9,179.93
2023-10-17,639.85,1632.33,76.63,182.07
2023-10-18,641.26,1643.1,86.61,169.89
2023-10-19,630.71,1638.73,78.85,167.27
2023-10-20,636.63,1643.93,89.08,183.43
2023-10-21,658.72,1645.91,78.99,159.35
2023-10-22,655.0,1646.34,88.15,176.13
2023-10-23,642.52,1674.59,89.36,158.34
2023-10-24,638.97,1636.45,89.41,182.99
2023-10-25,640.22,1663.57,85.76,170.05
2023-10-26,645.59,1684.15,84.16,185.61
2023-10-27,629.67,1650.15,82.1,178.13
2023-10-28,637.76,1646.69,91.54,161.27
2023-10-29,624.09,1657.06,82.07,188.04
2023-10-30,645.21,1685.9,80.5,189.6
2023-10-31,648.13,1666.83,88.73,183.19
2023-11-01,637.27,1652.96,80.66,167.04
2023-11-02,658.29,1673.91,80.17,171.88
2023-11-03,630.75,1642.83,77.98,176.68
2023-11-04,628.81,1679.15,82.42,168.47
2023-11-05,646.15,1674.34,85.68,192.72
2023-11-06,654.83,1660.67,86.59,177.52
2023-11-07,661.66,1650.71,88.76,149.32
2023-11-08,640.69,1650.4,88.22,180.03
2023-11-09,656.52,1679.5,84.34,173.43
2023-11-10,645.81,1694.04,84.5,176.44
2023-11-11,644.93,1657.38,87.95,173.78
2023-11-12,655.96,1679.96,92.41,185.81
2023-11-13,654.11,1629.73,86.89,189.21
2023-11-14,632.29,1660.45,83.55,181.11
2023-11-15,663.29,1672.19,80.68,175.16
2023-11-16,662.8,1655.3,78.62,178.41
2023-11-17,643.21,1655.44,89.27,179.29
2023-11-18,653.9,1661.5,88.47,171.33
2023-11-19,655.36,1681.38,89.22,185.41
2023-11-20,653.5,1672.48,85.69,184.49
2023-11-21,645.87,1632.15,93.96,195.55
2023-11-22,645.13,1635.2,84.42,192.96
2023-11-23,652.08,1666.17,90.71,173.81
2023-11-24,664.54,1688.15,86.55,189.13
2023-11-25,658.73,1624.75,82.87,171.68
2023-11-26,650.08,1670.41,89.76,188.4
2023-11-27,661.99,1670.58,88.3,176.53
2023-11-28,626.27,1709.58,87.84,171.72
2023-11-29,666.73,1674.82,87.17,185.0
2023-11-30,638.34,1690.89,85.16,155.71
2023-12-01,652.6,1686.77,97.81,165.19
2023-12-02,645.53,1642.05,92.64,181.18
2023-12-03,644.27,1700.74,90.52,184.02
2023-12-04,669.32,1690.4,87.3,179.75
2023-12-05,653.53,1696.98,91.23,167.89
2023-12-06,662.17,1766.07,89.22,175.75
2023-12-07,658.74,1646.58,87.43,188.08
2023-12-08,664.48,1723.49,85.93,190.23
2023-12-09,660.98,1683.98,86.81,184.49
2023-12-10,647.88,1696.2,72.0,196.45
2023-12-11,671.18,1690.28,88.59,189.09
2023-12-12,656.79,1683.44,84.58,177.88
2023-12-13,646.67,1681.27,95.28,182.78
2023-12-14,658.46,1700.0,86.91,171.79
2023-12-15,678.26,1663.81,81.58,184.96
2023-12-16,672.26,1709.91,87.94,197.39
2023-12-17,660.78,1687.32,82.81,193.35
2023-12-18,661.29,1673.79,90.83,200.74
2023-12-19,662.08,1688.14,89.12,183.91
2023-12-20,686.58,1723.04,93.34,200.62
2023-12-21,670.14,1687.94,83.89,185.45
2023-12-22,671.14,1706.58,88.9,202.31
2023-12-23,677.66,1685.55,81.22,187.6
2023-12-24,670.27,1716.09,91.98,195.1
2023-12-25,665.81,1715.4,91.51,202.99
2023-12-26,666.95,1739.43,90.62,186.52
2023-12-27,668.72,1699.71,88.42,190.85
2023-12-28,669.59,1717.36,91.08,201.76
2023-12-29,677.76,1706.72,96.38,187.75
2023-12-30,671.53,1731.45,86.4,176.07
2023-12-31,678.86,1691.93,90.31,210.91
2024-01-01,671.25,1721.98,82.94,184.99
2024-01-02,673.37,1703.96,84.4,191.47
2024-01-03,653.13,1707.35,89.8,201.64
2024-01-04,682.8,1711.25,94.0,184.19
2024-01-05,677.63,1715.24,87.06,180.39
2024-01-06,684.68,1708.66,87.86,193.2
2024-01-07,646.27,1716.06,86.04,172.92
2024-01-08,696.64,1744.12,86.22,188.16
2024-01-09,674.9,1733.06,90.69,193.68
2024-01-10,687.91,1731.52,81.54,188.71
2024-01-11,666.96,1705.82,94.85,176.16
2024-01-12,684.02,1697.94,86.75,207.72
2024-01-13,667.89,1735.63,93.0,192.99
2024-01-14,672.73,1734.84,83.77,206.45
2024-01-15,698.64,1747.57,92.68,189.71
2024-01-16,678.13,1706.84,92.45,183.69
2024-01-17,682.75,1715.13,91.64,195.35
2024-01-18,689.81,1687.73,84.57,190.67
2024-01-19,686.61,1713.48,90.37,181.22
2024-01-20,683.69,1742.07,84.59,207.86
2024-01-21,686.38,1713.61,88.26,187.11
2024-01-22,707.3,1736.56,94.12,175.09
2024-01-23,683.23,1720.75,94.61,206.94
2024-01-24,686.36,1731.86,89.84,188.77
2024-01-25,695.4,1703.24,84.9,187.89
2024-01-26,696.49,1728.71,92.49,176.47
2024-01-27,697.84,1668.0,91.17,211.69
2024-01-28,692.9,1724.9,78.02,181.54
2024-01-29,675.63,1696.85,94.27,195.17
2024-01-30,703.94,1754.4,90.73,203.86
2024-01-31,676.68,1746.65,96.68,199.09
2024-02-01,691.72,1741.26,85.01,194.42
2024-02-02,681.69,1763.17,73.84,178.14
2024-02-03,689.14,1714.6,91.63,187.2
2024-02-04,693.61,1769.36,92.25,197.32
2024-02-05,694.09,1753.88,81.92,187.7
2024-02-06,695.64,1731.34,86.04,197.74
2024-02-07,708.1,1759.61,105.01,202.66
2024-02-08,697.05,1715.6,89.9,205.6
2024-02-09,690.62,1722.07,94.06,183.84
2024-02-10,703.24,1727.23,88.92,218.19
2024-02-11,706.05,1729.66,81.07,204.03
2024-02-12,682.42,1719.94,90.35,196.46
2024-02-13,701.22,1766.37,90.48,207.49
2024-02-14,702.8,1737.57,90.51,220.37
2024-02-15,693.36,1750.64,90.09,182.44
2024-02-16,710.64,1733.03,92.66,194.69
2024-02-17,695.93,1708.86,89.57,173.27
2024-02-18,699.24,1751.52,85.35,199.09
2024-02-19,696.8,1708.72,94.25,200.93
2024-02-20,699.23,1746.44,81.93,196.99
2024-02-21,688.66,1721.29,81.18,190.94
2024-02-22,685.77,1789.25,94.5,177.09
2024-02-23,716.67,1768.58,94.61,201.42
2024-02-24,692.8,1753.32,92.39,212.34
2024-02-25,691.9,1777.33,84.74,191.97
2024-02-26,680.83,1735.98,88.75,202.37
2024-02-27,696.52,1764.63,90.04,182.38
2024-02-28,690.23,1758.61,84.45,202.73
2024-02-29,720.43,1760.75,88.37,194.31
2024-03-01,714.65,1781.77,95.2,190.7
2024-03-02,698.22,1771.83,99.14,190.81
2024-03-03,728.18,1763.81,90.15,194.55
2024-03-04,716.02,1725.79,96.48,202.39
2024-03-05,703.5,1740.55,82.35,185.53
2024-03-06,682.3,1758.15,95.73,194.75
2024-03-07,730.75,1763.34,88.66,198.38
2024-03-08,694.49,1739.72,93.75,187.88
2024-03-09,692.48,1811.42,92.48,216.9
2024-03-10,719.7,1794.38,99.06,190.47
2024-03-11,734.42,1776.96,88.24,192.37
2024-03-12,724.41,1767.22,95.66,189.34
2024-03-13,716.75,1762.4,92.57,217.17
2024-03-14,717.6,1748.47,92.62,204.77
2024-03-15,720.73,1769.92,91.81,189.94
2024-03-16,720.33,1774.39,89.58,210.42
2024-03-17,716.1,1745.27,93.35,201.41
2024-03-18,714.87,1777.66,93.2,202.03
2024-03-19,713.75,1768.74,94.48,196.06
2024-03-20,707.37,1734.55,93.55,192.05
2024-03-21,712.65,1756.37,97.73,202.97
2024-03-22,699.07,1766.17,97.98,194.18
2024-03-23,715.55,1813.07,89.35,217.84
2024-03-24,707.19,1787.32,97.46,187.01
2024-03-25,706.58,1750.35,88.65,215.1
2024-03-26,719.95,1787.65,96.76,198.66
2024-03-27,732.61,1747.85,97.19,202.8
2024-03-28,728.42,1801.33,84.86,208.16
2024-03-29,704.06,1771.12,94.21,193.56
2024-03-30,710.41,1779.54,92.22,208.52
2024-03-31,730.25,1808.81,89.04,172.83
2024-04-01,711.55,1757.42,100.64,192.72
2024-04-02,719.67,1756.1,90.58,190.7
2024-04-03,727.95,1773.24,89.72,187.42
2024-04-04,713.3,1806.55,94.71,197.82
2024-04-05,724.57,1756.27,98.12,203.84
2024-04-06,710.71,1730.89,94.2,207.01
2024-04-07,718.56,1779.39,100.57,202.4
2024-04-08,728.31,1800.32,97.0,193.34
2024-04-09,709.71,1814.17,84.04,203.69
2024-04-10,730.57,1781.77,92.22,201.24
2024-04-11,726.5,1783.68,92.53,209.36
2024-04-12,732.75,1815.87,97.71,207.76
2024-04-13,729.99,1756.27,81.88,200.29
2024-04-14,741.92,1786.77,107.35,191.01
2024-04-15,730.05,1799.23,97.44,193.44
2024-04-16,725.03,1805.28,95.64,194.46
2024-04-17,731.07,1786.98,100.99,196.79
2024-04-18,735.81,1798.74,107.15,202.6
2024-04-19,731.38,1749.16,100.07,207.05
2024-04-20,731.82,1786.64,100.14,199.37
2024-04-21,724.91,1809.75,96.14,200.02
2024-04-22,725.82,1781.91,94.91,201.26
2024-04-23,718.94,1803.61,92.97,194.64
2024-04-24,750.98,1812.25,91.07,190.52
2024-04-25,721.56,1797.33,91.41,182.18
2024-04-26,727.59,1808.47,88.69,192.75
2024-04-27,727.85,1786.68,95.71,204.4
2024-04-28,744.49,1802.68,87.13,192.6
2024-04-29,733.11,1819.89,96.81,197.21
2024-04-30,749.04,1811.71,96.08,204.21
2024-05-01,730.34,1797.71,97.09,204.71
2024-05-02,740.37,1814.8,93.0,188.66
2024-05-03,729.74,1825.48,112.1,209.37
2024-05-04,760.05,1771.07,103.64,210.62
2024-05-05,727.23,1836.12,89.55,188.0
2024-05-06,742.7,1807.09,97.15,191.0
2024-05-07,746.45,1823.2,94.01,211.09
2024-05-08,744.75,1839.51,91.37,197.65
2024-05-09,739.26,1789.01,88.77,176.86
2024-05-10,740.31,1803.13,98.1,185.0
2024-05-11,742.54,1812.42,93.17,196.43
2024-05-12,741.13,1803.38,101.01,187.23
2024-05-13,752.74,1854.63,101.58,194.65
2024-05-14,765.7,1803.67,103.76,199.04
2024-05-15,738.51,1810.57,93.41,213.26
2024-05-16,730.88,1826.64,99.23,195.66
2024-05-17,744.18,1799.38,100.76,209.21
2024-05-18,771.35,1816.38,95.46,212.69
2024-05-19,738.0,1831.51,94.04,212.66
2024-05-20,762.92,1819.37,105.43,201.08
2024-05-21,763.79,1825.03,97.45,178.51
2024-05-22,741.96,1817.18,100.77,202.66
2024-05-23,753.67,1798.34,93.83,208.45
2024-05-24,764.74,1835.93,91.34,197.06
2024-05-25,745.14,1865.47,95.56,215.22
2024-05-26,747.38,1831.6,97.4,206.28
2024-05-27,744.07,1836.61,92.62,203.26
2024-05-28,740.21,1846.82,98.21,208.34
2024-05-29,744.34,1808.44,89.5,200.7
2024-05-30,739.07,1868.74,90.99,172.34
2024-05-31,752.12,1839.6,101.0,192.16
2024-06-01,744.54,1869.06,101.57,209.02
2024-06-02,755.05,1822.62,95.65,188.86
2024-06-03,737.61,1874.5,92.87,194.58
2024-06-04,756.95,1854.5,92.47,186.25
2024-06-05,762.43,1850.92,97.21,214.42
2024-06-06,734.62,1845.4,102.31,213.28
2024-06-07,758.76,1836.61,102.5,187.5
2024-06-08,767.75,1866.45,95.95,197.69
2024-06-09,743.83,1846.1,92.31,189.29
2024-06-10,773.11,1804.81,100.13,202.11
2024-06-11,761.02,1822.66,94.68,200.93
2024-06-12,750.23,1842.14,96.41,203.82
2024-06-13,757.17,1852.91,105.45,198.88
2024-06-14,763.76,1846.43,104.32,224.78
2024-06-15,759.38,1872.79,99.05,185.01
2024-06-16,764.45,1810.24,91.61,178.04
2024-06-17,750.3,1852.98,99.75,191.08
2024-06-18,761.64,1814.6,103.48,179.18
2024-06-19,746.25,1867.0,96.38,179.79
2024-06-20,759.71,1850.76,105.32,184.56
2024-06-21,752.22,1861.89,105.12,185.2
2024-06-22,754.33,1837.06,107.02,184.72
2024-06-23,774.48,1880.77,101.02,199.3
2024-06-24,773.46,1876.86,101.98,188.9
2024-06-25,769.06,1868.54,106.33,192.01
2024-06-26,752.47,1855.12,102.09,202.58
2024-06-27,760.66,1870.14,96.58,185.82
2024-06-28,776.37,1845.25,97.15,190.67
2024-06-29,766.08,1877.33,100.95,196.81
2024-06-30,788.27,1894.05,92.21,173.57
2024-07-01,769.43,1883.3,97.78,168.97
2024-07-02,767.83,1848.13,105.41,196.11
2024-07-03,763.22,1870.78,89.1,197.39
2024-07-04,768.06,1838.52,108.57,212.94
2024-07-05,765.61,1876.66,105.61,193.7
2024-07-06,774.62,1875.06,98.09,200.14
2024-07-07,777.51,1829.48,102.65,189.81
2024-07-08,760.48,1844.46,100.25,194.55
2024-07-09,755.43,1862.86,107.13,208.07
2024-07-10,750.78,1863.33,104.05,169.97
2024-07-11,774.61,1845.98,93.47,195.16
2024-07-12,758.89,1878.77,104.32,212.19
2024-07-13,748.79,1876.83,99.48,193.47
2024-07-14,774.59,1868.74,101.67,206.96
2024-07-15,796.02,1858.32,96.53,183.97
2024-07-16,771.41,1895.23,109.26,189.74
2024-07-17,780.24,1908.18,105.81,190.2
2024-07-18,773.06,1866.21,95.84,167.49
2024-07-19,771.63,1864.45,93.45,177.78
2024-07-20,782.18,1887.32,98.29,178.29
2024-07-21,770.46,1871.15,103.4,197.28
2024-07-22,776.41,1876.32,102.51,197.57
2024-07-23,777.32,1894.71,107.36,191.89
2024-07-24,767.79,1842.53,105.35,196.68
2024-07-25,784.76,1907.89,105.81,186.58
2024-07-26,773.45,1883.77,103.33,200.03
2024-07-27,768.0,1874.89,94.21,187.89
2024-07-28,781.28,1882.13,100.26,188.16
2024-07-29,767.29,1883.96,106.43,184.71
2024-07-30,776.91,1850.88,101.4,193.99
2024-07-31,776.88,1916.19,103.67,182.71
2024-08-01,788.18,1887.91,100.32,196.47
2024-08-02,782.42,1896.73,95.76,175.16
2024-08-03,777.76,1907.69,100.37,175.26
2024-08-04,786.53,1869.02,103.48,192.9
2024-08-05,792.6,1899.7,98.32,184.91
2024-08-06,784.61,1885.66,100.29,181.03
2024-08-07,779.47,1908.73,97.5,194.23
2024-08-08,766.58,1850.02,107.1,179.03
2024-08-09,769.38,1891.36,100.29,182.86
2024-08-10,777.3,1882.06,109.88,198.62
2024-08-11,774.59,1903.54,110.38,199.78
2024-08-12,779.13,1905.06,102.4,199.88
2024-08-13,781.89,1882.28,96.89,181.09
2024-08-14,786.94,1882.96,92.31,195.98
2024-08-15,781.25,1895.75,94.35,173.93
2024-08-16,787.13,1880.79,94.91,174.11
2024-08-17,783.22,1916.33,108.0,159.43
2024-08-18,763.13,1892.86,103.76,199.41
2024-08-19,773.8,1842.87,103.91,173.8
2024-08-20,782.05,1894.27,91.28,180.92
2024-08-21,771.7,1881.74,96.05,172.83
2024-08-22,790.09,1870.64,107.33,188.63
2024-08-23,799.7,1879.27,103.85,177.67
2024-08-24,796.87,1906.95,101.27,168.12
2024-08-25,782.84,1932.08,105.75,185.33
2024-08-26,800.17,1912.52,110.22,166.31
2024-08-27,787.03,1894.87,101.29,172.02
2024-08-28,782.46,1916.85,102.16,159.06
2024-08-29,779.97,1899.29,103.17,165.63
2024-08-30,783.36,1895.32,115.02,181.39
2024-08-31,782.78,1886.86,91.54,159.69
2024-09-01,788.63,1875.64,105.75,164.26
2024-09-02,788.81,1903.6,102.55,178.78
2024-09-03,787.5,1915.29,105.74,173.09
2024-09-04,792.1,1910.92,100.94,198.18
2024-09-05,799.9,1905.26,103.95,196.33
2024-09-06,797.75,1895.38,106.46,169.04
2024-09-07,773.66,1927.18,119.23,183.01
2024-09-08,763.22,1889.39,107.85,184.66
2024-09-09,798.36,1931.97,98.95,170.91
2024-09-10,775.59,1897.11,100.67,161.66
2024-09-11,787.26,1902.82,101.32,176.21
2024-09-12,778.05,1889.24,94.58,174.32
2024-09-13,771.97,1909.25,101.82,171.41
2024-09-14,795.64,1939.49,107.63,179.91
2024-09-15,798.05,1931.0,97.05,167.7
2024-09-16,784.93,1940.95,108.51,163.4
2024-09-17,765.01,1932.52,106.39,175.73
2024-09-18,785.69,1900.7,100.47,178.21
2024-09-19,795.29,1916.84,102.7,162.29
2024-09-20,776.81,1908.54,112.5,183.05
2024-09-21,793.65,1951.45,106.88,155.78
2024-09-22,791.88,1901.58,103.9,167.41
2024-09-23,798.04,1944.07,102.88,170.32
2024-09-24,793.65,1944.74,104.31,166.24
2024-09-25,782.93,1964.15,101.45,166.66
2024-09-26,804.83,1920.04,94.76,190.73
2024-09-27,791.48,1943.15,114.18,163.21
2024-09-28,792.99,1975.2,106.44,195.84
2024-09-29,784.13,1917.88,106.7,175.5
2024-09-30,789.22,1900.2,104.3,171.75
2024-10-01,785.0,1893.96,101.15,175.29
2024-10-02,792.31,1946.48,104.98,195.53
2024-10-03,811.34,1895.22,96.2,159.99
2024-10-04,780.68,1926.09,115.56,158.42
2024-10-05,778.45,1942.93,98.24,161.78
2024-10-06,809.47,1938.54,99.69,169.34
2024-10-07,792.84,1943.99,101.82,151.46
2024-10-08,788.41,1940.57,111.39,168.63
2024-10-09,805.67,1962.34,105.9,185.04
2024-10-10,789.38,1918.36,98.93,169.31
2024-10-11,813.86,1924.5,111.2,164.56
2024-10-12,802.54,1923.22,108.47,161.0
2024-10-13,791.03,1955.9,108.32,175.86
2024-10-14,817.64,1957.94,108.39,158.31
2024-10-15,790.16,1949.58,118.17,184.72
2024-10-16,803.79,1964.85,117.21,185.28
2024-10-17,799.5,1918.23,102.06,168.2
2024-10-18,809.67,1975.76,113.53,165.2
2024-10-19,812.41,1973.49,107.89,175.31
2024-10-20,797.25,1958.35,108.55,175.64
2024-10-21,789.53,1979.88,96.69,156.32
2024-10-22,801.79,1911.72,104.49,158.79
2024-10-23,790.54,1934.97,100.93,150.52
2024-10-24,817.58,1931.35,110.04,167.52
2024-10-25,798.93,1961.08,111.44,169.78
2024-10-26,794.03,1926.25,94.75,149.29
2024-10-27,799.65,1962.99,105.5,157.92
2024-10-28,784.44,1975.84,110.82,148.68
2024-10-29,788.31,1962.92,104.55,152.85
2024-10-30,810.13,1955.27,109.9,167.03
2024-10-31,791.66,1930.42,107.42,153.86
2024-11-01,787.87,1933.82,107.63,157.87
2024-11-02,803.8,1976.32,103.95,144.28
2024-11-03,810.39,1967.49,100.18,162.1
2024-11-04,805.81,1951.69,100.58,159.47
2024-11-05,808.67,1944.68,109.44,152.3
2024-11-06,791.23,1913.08,106.31,157.38
2024-11-07,784.66,1932.74,105.75,160.75
2024-11-08,813.97,1992.95,103.87,150.47
2024-11-09,795.81,1929.66,104.18,143.53
2024-11-10,796.6,1959.61,112.62,176.03
2024-11-11,812.46,1976.52,104.54,151.31
2024-11-12,804.81,1931.82,99.82,156.35
2024-11-13,803.88,1961.15,110.85,167.11
2024-11-14,821.03,1976.76,107.41,191.96
2024-11-15,793.0,1958.78,106.25,143.9
2024-11-16,808.77,2016.43,115.02,160.52
2024-11-17,800.12,1926.22,106.35,148.62
2024-11-18,802.28,1981.3,108.03,149.98
2024-11-19,814.93,1957.19,100.64,147.84
2024-11-20,804.77,1976.61,105.28,143.45
2024-11-21,805.12,1970.51,110.01,153.97
2024-11-22,810.5,1947.54,98.51,139.31
2024-11-23,796.16,1967.29,108.55,163.2
2024-11-24,791.45,1926.06,107.65,153.95
2024-11-25,789.42,1975.79,107.58,157.3
2024-11-26,780.23,1970.19,112.16,148.08
2024-11-27,820.48,1977.5,108.74,148.74
2024-11-28,788.91,1986.38,114.83,154.96
2024-11-29,797.74,1973.07,101.79,140.12
2024-11-30,797.2,1969.16,107.88,147.85
2024-12-01,803.06,1949.07,107.42,142.51
2024-12-02,808.15,1952.93,101.68,141.87
2024-12-03,808.6,1991.39,111.24,129.35
2024-12-04,794.17,1996.85,119.85,163.51
2024-12-05,798.33,1963.84,107.17,142.92
2024-12-06,802.82,1969.99,110.75,161.09
2024-12-07,797.5,1951.45,108.64,159.82
2024-12-08,816.05,1993.46,103.52,135.94
2024-12-09,804.88,1983.77,98.12,137.59
2024-12-10,807.3,2009.74,105.56,173.75
2024-12-11,806.56,1953.81,101.77,165.32
2024-12-12,811.65,1964.26,116.4,147.17
2024-12-13,801.7,1976.9,107.49,149.73
2024-12-14,786.89,1985.64,105.94,140.52
2024-12-15,803.83,1968.84,112.69,150.83
2024-12-16,793.28,1956.13,102.1,139.0
2024-12-17,794.47,1991.65,103.26,125.52
2024-12-18,805.58,1988.88,107.83,132.3
2024-12-19,812.06,1956.56,113.35,145.4
2024-12-20,799.85,2002.41,110.18,133.55
2024-12-21,802.67,1999.13,109.49,143.86
2024-12-22,816.55,1978.83,108.17,133.46
2024-12-23,801.89,1978.15,109.97,136.06
2024-12-24,825.44,1988.05,109.84,152.09
2024-12-25,805.02,1960.14,103.42,145.71
2024-12-26,781.69,1978.38,108.71,142.81
2024-12-27,806.76,1935.13,103.6,151.37
2024-12-28,802.97,1996.1,109.22,147.06
2024-12-29,811.99,1947.74,106.93,156.4
2024-12-30,805.75,2009.42,121.12,137.01
2024-12-31,797.55,1973.14,108.28,136.99
2025-01-01,786.61,1975.89,101.06,127.95
2025-01-02,796.68,1967.95,107.89,136.35
2025-01-03,790.18,1975.12,111.9,149.96
2025-01-04,792.79,2009.62,117.87,152.99
2025-01-05,804.39,1931.86,106.43,149.27
2025-01-06,815.1,2007.53,100.13,121.41
2025-01-07,802.25,1989.11,113.6,149.86
2025-01-08,786.24,1958.57,101.2,120.32
2025-01-09,802.54,1961.55,107.33,147.37
2025-01-10,809.96,2016.94,107.63,134.39
2025-01-11,791.78,1964.85,109.14,144.77
2025-01-12,796.43,1961.04,111.96,124.11
2025-01-13,797.8,2007.19,106.39,148.82
2025-01-14,789.68,1991.55,107.16,122.14
2025-01-15,803.89,1966.36,108.89,129.79
2025-01-16,796.07,1989.78,109.59,126.18
2025-01-17,801.35,1965.26,108.99,118.3
2025-01-18,788.15,2008.11,111.64,136.48
2025-01-19,792.51,2007.64,114.58,153.28
2025-01-20,803.97,1997.37,112.79,161.57
2025-01-21,792.88,1994.28,111.85,135.56
2025-01-22,813.74,2022.58,102.22,145.44
2025-01-23,792.33,1987.65,109.98,136.29
2025-01-24,798.42,1964.32,112.3,138.64
2025-01-25,805.35,1997.25,113.16,129.92
2025-01-26,781.68,2030.27,106.37,134.99
2025-01-27,778.1,1968.55,106.74,138.1
2025-01-28,780.29,1981.9,106.65,126.63
2025-01-29,808.01,1997.74,112.49,131.34
2025-01-30,789.7,1988.61,115.02,131.22
2025-01-31,820.63,1970.32,108.3,139.76
2025-02-01,789.24,2012.68,113.97,120.53
2025-02-02,796.55,2036.91,110.59,130.37
2025-02-03,809.95,1994.7,110.37,149.71
2025-02-04,814.41,1972.95,109.6,141.92
2025-02-05,814.78,1960.31,114.52,143.47
2025-02-06,806.06,1996.71,111.79,129.92
2025-02-07,804.03,2013.87,121.73,132.59
2025-02-08,799.52,2001.55,106.47,139.1
2025-02-09,801.19,1992.24,113.63,144.39
2025-02-10,787.7,1980.74,106.68,108.97
2025-02-11,784.83,1970.92,105.33,115.03
2025-02-12,792.77,2009.69,110.98,140.99
2025-02-13,790.9,2011.5,110.96,124.83
2025-02-14,787.86,1962.53,124.7,120.59
2025-02-15,799.14,2025.46,108.94,114.47
2025-02-16,801.52,2005.36,104.6,121.17
2025-02-17,792.63,2022.09,111.22,112.41
2025-02-18,806.31,1967.46,101.27,147.05
2025-02-19,779.89,1967.2,110.16,125.63
2025-02-20,789.15,1991.73,110.72,124.99
2025-02-21,783.69,2004.97,114.97,131.16
2025-02-22,771.96,2031.03,116.09,134.62
2025-02-23,789.57,2009.42,108.74,134.17
2025-02-24,788.94,1990.63,110.6,135.16
2025-02-25,805.05,1975.14,106.71,117.84
2025-02-26,795.99,2020.45,105.1,120.89
2025-02-27,779.19,1976.73,112.86,131.28
2025-02-28,807.73,2028.77,104.33,118.03
2025-03-01,801.15,1990.68,108.92,122.98
2025-03-02,794.51,2028.34,106.26,126.74
2025-03-03,786.17,2010.27,114.21,130.33
2025-03-04,778.58,1994.11,119.22,104.43
2025-03-05,784.19,1986.61,104.99,129.08
2025-03-06,798.54,1990.33,101.79,119.32
2025-03-07,806.23,2005.86,110.94,128.46
2025-03-08,802.55,1998.98,111.71,128.89
2025-03-09,781.96,1985.7,113.18,136.93
2025-03-10,775.38,1994.4,109.76,134.12
2025-03-11,787.71,1999.41,111.02,133.79
2025-03-12,768.34,1955.39,113.95,134.49
2025-03-13,788.97,2007.25,116.77,122.71
2025-03-14,783.98,1978.61,101.7,119.86
2025-03-15,780.51,1975.26,110.08,128.0
2025-03-16,768.94,1964.69,112.96,126.34
2025-03-17,789.73,1962.66,106.82,115.67
2025-03-18,778.97,1971.54,120.45,122.55
2025-03-19,772.31,1984.57,108.43,117.9
2025-03-20,754.98,2037.91,111.03,109.45
2025-03-21,783.13,1988.42,115.12,130.65
2025-03-22,800.82,2002.58,108.8,118.04
2025-03-23,799.41,2007.12,103.56,137.73
2025-03-24,777.92,2001.81,108.84,100.74
2025-03-25,776.15,1997.72,116.7,111.18
2025-03-26,786.55,1975.43,110.2,116.83
2025-03-27,771.56,2028.43,108.24,127.63
2025-03-28,784.25,2035.62,116.76,120.01
2025-03-29,788.57,1965.88,110.47,118.88
2025-03-30,792.85,1979.11,108.89,104.27
2025-03-31,779.26,1994.05,112.2,103.73
2025-04-01,777.89,1980.41,116.08,118.29
2025-04-02,770.82,2009.86,123.33,101.19
2025-04-03,771.0,1985.22,116.01,109.28
2025-04-04,776.67,2043.13,118.22,119.38
2025-04-05,782.27,2023.67,109.18,104.31
2025-04-06,787.39,2004.14,107.91,129.96
2025-04-07,769.88,2020.46,113.19,125.92
2025-04-08,792.49,2022.06,112.05,97.74
2025-04-09,774.51,1988.68,106.47,103.91
2025-04-10,776.66,1983.65,110.35,90.15
2025-04-11,769.05,2001.55,114.0,104.96
2025-04-12,751.92,2017.23,114.61,120.24
2025-04-13,784.65,2002.78,114.78,108.22
2025-04-14,782.82,1968.46,114.18,116.75
2025-04-15,772.28,1983.94,109.23,96.7
2025-04-16,775.4,1998.51,110.39,119.69
2025-04-17,779.52,1998.46,106.32,105.95
2025-04-18,758.37,2039.41,121.55,111.41
2025-04-19,768.33,1972.22,112.68,110.16
2025-04-20,781.2,2010.03,110.93,98.16
2025-04-21,760.34,2029.68,107.5,99.15
2025-04-22,775.44,2045.29,127.91,120.15
2025-04-23,758.56,1991.74,107.61,114.26
2025-04-24,776.41,2009.62,111.19,120.58
2025-04-25,771.0,2011.14,115.09,113.12
2025-04-26,754.82,2003.61,115.95,111.11
2025-04-27,782.24,1997.68,116.83,92.23
2025-04-28,762.85,2008.32,121.84,106.59
2025-04-29,761.71,1948.9,115.49,108.83
2025-04-30,771.42,2013.12,108.7,128.45
2025-05-01,780.51,2001.94,112.09,115.6
2025-05-02,758.46,1994.9,115.37,123.91
2025-05-03,768.84,2040.21,123.73,114.34
2025-05-04,772.11,1985.7,105.78,101.07
2025-05-05,774.35,1991.06,119.22,109.18
2025-05-06,768.78,2038.86,114.2,110.19
2025-05-07,762.93,1982.3,116.93,98.26
2025-05-08,757.92,1987.85,112.54,103.63
2025-05-09,766.64,1995.82,108.96,105.25
2025-05-10,754.65,2015.47,117.86,123.19
2025-05-11,735.74,2002.71,115.57,86.16
2025-05-12,768.9,1972.6,118.83,118.86
2025-05-13,773.16,1987.69,112.86,97.27
2025-05-14,740.07,1986.08,109.74,92.75
2025-05-15,753.17,1996.56,106.25,118.11
2025-05-16,769.04,2006.5,117.95,113.47
2025-05-17,782.99,2006.22,116.26,118.54
2025-05-18,762.2,1962.21,109.11,113.85
2025-05-19,754.28,2018.87,111.91,126.29
2025-05-20,759.3,2002.51,111.55,111.12
2025-05-21,774.44,2025.0,106.14,103.82
2025-05-22,753.8,2006.05,109.74,108.67
2025-05-23,751.83,2019.05,108.64,117.53
2025-05-24,754.55,2006.2,111.27,97.16
2025-05-25,749.4,2023.63,109.73,98.29
2025-05-26,759.72,2006.99,105.49,101.58
2025-05-27,774.29,1994.43,122.86,83.49
2025-05-28,760.83,2041.67,120.16,105.78
2025-05-29,754.63,2013.83,109.02,85.4
2025-05-30,753.78,2007.35,115.28,104.66
2025-05-31,740.62,1970.17,116.44,112.65
2025-06-01,764.63,1969.74,119.66,99.1
2025-06-02,754.56,2001.18,110.72,120.52
2025-06-03,753.08,1998.04,118.73,89.02
2025-06-04,786.35,1982.66,111.89,115.41
2025-06-05,756.95,1997.56,107.72,110.13
2025-06-06,745.98,2026.31,116.85,86.1
2025-06-07,748.77,2008.24,121.92,130.25
2025-06-08,764.06,1971.3,127.05,102.4
2025-06-09,753.24,1991.68,107.73,94.15
2025-06-10,737.25,1977.6,116.99,88.74
2025-06-11,760.36,1985.72,112.07,100.5
2025-06-12,744.01,1984.98,118.11,101.32
2025-06-13,768.95,1983.47,106.98,103.52
2025-06-14,760.55,1967.69,107.84,99.42
2025-06-15,744.8,1990.0,110.77,108.63
2025-06-16,761.6,1981.11,114.56,98.32
2025-06-17,748.99,1933.49,110.21,82.75
2025-06-18,756.36,2032.89,117.64,100.51
2025-06-19,752.2,2013.35,118.39,80.0
2025-06-20,738.4,1983.8,117.64,105.37
2025-06-21,739.95,1991.44,122.1,91.95
2025-06-22,756.2,1967.37,116.68,103.29
2025-06-23,742.06,2024.46,109.12,114.71
2025-06-24,740.88,2028.22,120.92,92.0
2025-06-25,734.88,1993.14,112.11,112.03
2025-06-26,748.17,2010.2,118.96,97.0
2025-06-27,764.07,1992.95,123.4,118.79
2025-06-28,732.28,1962.43,116.78,97.54
2025-06-29,742.7,1980.64,106.8,92.71
2025-06-30,756.08,1991.23,110.48,107.92
2025-07-01,740.66,1979.2,121.15,96.63
2025-07-02,745.49,1983.62,113.52,92.51
2025-07-03,729.84,1985.87,114.97,96.08
2025-07-04,744.24,1985.77,118.6,100.35
2025-07-05,737.59,1988.13,119.01,114.16
2025-07-06,748.81,1965.56,115.31,81.35
2025-07-07,750.32,1972.12,113.88,100.86
2025-07-08,763.84,1960.45,113.68,106.83
2025-07-09,743.23,2005.37,119.34,102.47
2025-07-10,740.18,1943.38,118.41,113.59
2025-07-11,738.36,2008.23,113.68,99.7
2025-07-12,732.37,2012.55,120.35,98.55
2025-07-13,738.78,1978.45,114.71,106.28
2025-07-14,731.93,1932.09,110.87,101.31
2025-07-15,736.05,1976.58,111.12,96.38
2025-07-16,747.03,1982.17,110.5,105.41
2025-07-17,723.27,1962.89,113.47,93.69
2025-07-18,744.22,1972.45,121.04,94.08
2025-07-19,745.47,2013.0,110.91,94.88
2025-07-20,730.6,1995.33,116.85,113.67
2025-07-21,710.04,1963.18,110.36,80.0
2025-07-22,724.66,1949.35,114.17,104.05
2025-07-23,743.19,1974.39,107.77,100.42
2025-07-24,729.47,1976.28,113.38,83.25
2025-07-25,719.18,1990.1,114.53,103.14
2025-07-26,723.6,1969.08,118.31,104.79
2025-07-27,736.53,1989.64,116.8,105.92
2025-07-28,733.06,2017.72,108.1,80.0
2025-07-29,724.68,1994.93,121.54,113.67
2025-07-30,722.87,1977.27,116.15,92.62
2025-07-31,722.09,1974.17,116.82,106.87
2025-08-01,716.26,1970.29,115.83,107.41
2025-08-02,741.1,2000.63,112.5,91.24
2025-08-03,721.2,1964.06,116.97,106.61
2025-08-04,736.06,1977.1,117.76,96.16
2025-08-05,738.57,1976.8,105.83,80.0
2025-08-06,732.81,1965.32,113.51,111.71
2025-08-07,717.97,1947.49,113.98,92.3
2025-08-08,725.79,1980.97,116.52,91.52
2025-08-09,720.98,1972.86,121.45,96.05
2025-08-10,711.65,1983.65,111.99,102.83
2025-08-11,723.39,1962.54,113.21,99.55
2025-08-12,707.82,1997.19,113.47,105.63
2025-08-13,730.95,1954.79,111.1,86.78
2025-08-14,713.89,2006.12,113.69,92.78
2025-08-15,720.01,1936.48,119.62,99.08
2025-08-16,720.29,1979.67,111.52,119.25
2025-08-17,714.33,1980.03,117.94,99.17
2025-08-18,722.24,1954.15,107.92,111.19
2025-08-19,711.09,1978.09,113.12,100.77
2025-08-20,724.01,1994.72,114.04,95.58
2025-08-21,701.29,1924.33,124.2,98.0
2025-08-22,715.47,1978.24,114.51,98.83
2025-08-23,733.06,1917.85,105.28,106.6
2025-08-24,703.12,1947.92,106.7,114.35
2025-08-25,705.8,1999.33,116.38,104.26
2025-08-26,717.18,1954.63,119.71,112.59
2025-08-27,713.29,1942.3,117.47,91.12
2025-08-28,714.46,1961.33,116.72,96.68
2025-08-29,715.3,2006.15,121.56,93.65
2025-08-30,716.21,1927.66,113.59,104.1
2025-08-31,720.41,1942.76,120.45,97.43
2025-09-01,712.87,1993.23,108.38,108.38
2025-09-02,705.81,1999.93,111.2,91.85
2025-09-03,714.4,1960.2,107.2,101.66
2025-09-04,726.13,1936.97,115.2,108.17
2025-09-05,705.26,2003.15,114.99,80.72
2025-09-06,696.29,1992.6,117.9,122.67
2025-09-07,716.56,1973.77,116.46,98.7
2025-09-08,703.74,1943.42,110.66,81.36
2025-09-09,682.67,1958.15,115.45,103.28
2025-09-10,712.32,1955.4,108.87,102.12
2025-09-11,697.95,1964.68,123.14,101.05
2025-09-12,701.85,1986.55,115.36,111.87
2025-09-13,705.52,1974.57,114.33,109.53
2025-09-14,703.56,1934.89,124.51,105.13
2025-09-15,708.2,1983.42,110.45,106.75
2025-09-16,696.21,1961.61,110.78,101.3
2025-09-17,705.14,1968.53,111.88,120.2
2025-09-18,696.87,1983.56,115.41,87.76
2025-09-19,706.3,1931.44,118.74,104.05
2025-09-20,704.52,1952.39,120.26,103.41
2025-09-21,688.47,1941.92,129.81,111.0
2025-09-22,708.13,1920.62,104.89,94.54
2025-09-23,691.37,1958.34,118.75,85.65
2025-09-24,704.26,2001.06,113.89,104.77
2025-09-25,699.3,1913.45,113.82,106.14
2025-09-26,713.46,1949.03,114.28,118.34
2025-09-27,692.3,1961.9,111.47,90.86
2025-09-28,690.5,1950.97,125.67,115.23
2025-09-29,693.25,1945.65,122.08,127.48
2025-09-30,689.86,1921.34,116.63,100.16
2025-10-01,700.35,1951.39,122.83,91.16
2025-10-02,675.64,1931.0,108.97,100.13
2025-10-03,680.72,1901.74,110.1,104.47
2025-10-04,680.03,1968.82,106.16,110.1
2025-10-05,699.67,1963.49,112.99,98.69
2025-10-06,706.73,1944.75,118.38,120.29
2025-10-07,688.03,1947.69,116.77,93.74
2025-10-08,686.84,1963.98,116.71,87.63
2025-10-09,688.69,1946.36,110.34,116.24
2025-10-10,699.06,1959.34,119.74,82.57
2025-10-11,677.63,1934.68,117.97,103.42
2025-10-12,688.74,1966.25,122.12,136.79
2025-10-13,695.57,1945.8,107.44,105.65
2025-10-14,690.28,1942.63,117.92,94.71
2025-10-15,686.63,1912.72,110.97,105.5
2025-10-16,694.2,1943.22,114.94,105.73
2025-10-17,656.62,1920.21,119.72,108.0
2025-10-18,689.89,1923.44,117.77,113.18
2025-10-19,676.03,1919.25,112.22,96.33
2025-10-20,663.72,1913.59,117.88,123.76
2025-10-21,686.6,1976.76,109.49,109.5
2025-10-22,694.69,1960.24,123.15,114.49
2025-10-23,679.04,1971.37,115.71,101.11
2025-10-24,689.41,1907.85,123.3,120.43
2025-10-25,695.46,1933.07,114.32,105.17
2025-10-26,691.95,1905.12,114.61,110.69
2025-10-27,694.67,1916.41,112.82,98.76
2025-10-28,685.16,1911.29,121.0,98.31
2025-10-29,677.95,1953.78,113.93,115.34
2025-10-30,660.65,1920.39,120.15,104.21
2025-10-31,673.67,1949.01,114.82,100.29
2025-11-01,667.17,1939.05,106.97,102.58
2025-11-02,696.78,1972.36,114.68,116.19
2025-11-03,672.78,1896.02,110.99,103.1
2025-11-04,675.24,1950.11,117.32,108.41
2025-11-05,679.0,1947.17,111.28,109.93
2025-11-06,673.39,1904.08,120.91,90.8
2025-11-07,689.38,1943.0,116.05,95.47
2025-11-08,665.68,1928.89,116.54,113.74
2025-11-09,673.32,1916.92,120.18,103.21
2025-11-10,663.43,1904.29,122.63,121.35
2025-11-11,657.13,1905.69,117.68,120.65
2025-11-12,663.69,1960.37,113.81,118.38
2025-11-13,668.91,1918.68,109.36,129.6
2025-11-14,664.47,1933.6,113.85,110.78
2025-11-15,661.32,1901.43,114.58,118.31
2025-11-16,653.66,1900.94,117.59,106.19
2025-11-17,666.37,1937.46,116.86,136.77
2025-11-18,651.64,1888.12,121.8,132.3
2025-11-19,673.77,1906.09,114.32,112.8
2025-11-20,666.48,1914.35,117.3,116.77
2025-11-21,650.57,1915.18,124.0,126.72
2025-11-22,661.54,1908.64,119.05,111.88
2025-11-23,656.6,1919.41,116.79,107.01
2025-11-24,666.8,1924.63,114.86,122.54
2025-11-25,676.5,1924.73,114.31,114.81
2025-11-26,643.84,1889.59,113.29,116.08
2025-11-27,663.23,1902.89,114.34,106.14
2025-11-28,659.97,1931.73,120.39,97.54
2025-11-29,667.78,1924.98,116.49,117.31
2025-11-30,662.7,1878.89,111.19,124.24
2025-12-01,652.54,1912.64,126.22,113.16
2025-12-02,656.37,1865.3,119.82,130.03
2025-12-03,651.1,1905.05,110.13,108.86
2025-12-04,669.32,1941.32,114.78,105.59
2025-12-05,658.28,1883.65,118.05,115.71
2025-12-06,676.58,1885.17,126.02,115.8
2025-12-07,656.46,1916.38,112.39,124.57
2025-12-08,649.49,1869.49,122.05,109.37
2025-12-09,640.95,1886.93,125.24,131.05
2025-12-10,637.56,1910.75,115.41,137.29
2025-12-11,639.26,1885.38,116.17,117.48
2025-12-12,657.28,1892.58,113.03,130.62
2025-12-13,659.21,1911.41,116.04,107.81
2025-12-14,637.83,1904.19,117.95,129.38
2025-12-15,662.1,1900.33,121.43,129.36
2025-12-16,647.84,1887.44,123.49,127.78
2025-12-17,653.66,1900.85,113.87,119.25
2025-12-18,667.83,1890.19,106.31,90.12
2025-12-19,660.2,1901.05,117.2,113.51
2025-12-20,648.07,1881.17,118.79,113.93
2025-12-21,641.36,1886.68,118.4,110.67
2025-12-22,628.28,1869.75,116.08,121.95
2025-12-23,642.14,1888.06,118.07,116.8
2025-12-24,646.74,1871.76,124.82,113.01
2025-12-25,638.51,1864.91,119.04,110.94
2025-12-26,646.6,1891.57,115.44,114.64
2025-12-27,648.22,1889.86,115.73,133.29
2025-12-28,644.74,1900.47,116.5,115.73
2025-12-29,640.02,1875.4,125.61,117.47
2025-12-30,647.75,1891.38,116.54,118.33
2025-12-31,650.02,1893.44,117.76,126.56
